packet,relative_seconds,direction,urb_function,status,payload_bytes,first_32_bytes
7,15.522694,IN,9,0x0,0,
13,15.523434,IN,9,0xc0010000,0,
17,15.527640,IN,9,0x0,0,
53,15.646108,OUT,9,0x0,6,00 00 00 00 00 ff
54,15.646472,OUT,9,0x0,0,
55,15.663706,OUT,9,0x0,6,00 00 00 00 00 6e
56,15.664071,OUT,9,0x0,0,
57,15.664201,OUT,9,0x0,6,00 00 00 00 00 6d
58,15.664243,OUT,9,0x0,0,
59,15.786075,OUT,9,0x0,16,00 00 00 00 00 7a 00 00 00 00 00 00 00 00 00 00
60,15.786461,OUT,9,0x0,0,
61,15.800913,OUT,9,0x0,16,00 00 00 00 00 79 64 01 40 01 e0 00 00 00 00 00
62,15.801132,OUT,9,0x0,0,
63,16.327983,OUT,9,0x0,6,09 c0 00 00 00 6e
64,16.328153,OUT,9,0x0,0,
65,16.328993,OUT,9,0x0,6,00 00 04 fd df c5
66,16.329041,OUT,9,0x0,0,
67,16.329194,OUT,9,0x0,307200,b1 2a 90 22 90 22 90 22 f1 42 51 53 31 4b 31 4b 31 4b 31 4b 31 4b 31 4b 31 4b 31 4b 31 4b 31 4b
68,18.178623,OUT,9,0x0,0,
69,18.599177,OUT,9,0x0,6,07 50 00 c9 1b c5
70,18.599542,OUT,9,0x0,0,
71,18.599599,OUT,9,0x0,1232,ff ff ff ff ff ff ff ff ff ff ff ff ff ff ff ff ff ff ff ff fb d6 d4 84 d4 84 d4 84 d4 84 d4 84
72,18.607249,OUT,9,0x0,0,
73,18.609193,OUT,9,0x0,6,0c d0 01 21 1b c5
74,18.609236,OUT,9,0x0,0,
75,18.609302,OUT,9,0x0,1232,ff ff ff ff ff ff fb d6 76 9d d4 84 d4 84 d4 84 d4 84 d4 84 d4 84 d4 84 d4 84 d4 84 d4 84 d4 84
76,18.616971,OUT,9,0x0,0,
77,18.618770,OUT,9,0x0,6,24 8f 82 7d 09 c5
78,18.618824,OUT,9,0x0,0,
79,18.618890,OUT,9,0x0,504,34 ad 34 a5 14 a5 55 ad b6 b5 b6 b5 d7 bd d7 bd d7 bd d7 bd d7 bd d7 b5 d7 bd d7 bd b6 b5 75 b5
80,18.621673,OUT,9,0x0,0,
81,18.623275,OUT,9,0x0,6,28 0f 82 b5 09 c5
82,18.623323,OUT,9,0x0,0,
83,18.623396,OUT,9,0x0,504,50 9c 2e ac 2f ac a9 8a ee b3 91 bc b1 b4 53 b5 b6 bd b6 bd 95 bd 95 bd 95 bd 95 bd ad 93 0e ac
84,18.626177,OUT,9,0x0,0,
85,18.627853,OUT,9,0x0,6,2b 8f 82 ed 09 c5
86,18.627902,OUT,9,0x0,0,
87,18.627969,OUT,9,0x0,504,95 bd 9a de 17 d6 f7 d5 f7 cd 17 ce 38 de 38 de 38 de f7 c5 38 c6 59 c6 76 ad 52 84 95 bd ff ff
88,18.630863,OUT,9,0x0,0,
89,18.632341,OUT,9,0x0,6,2f 0f 83 25 09 c5
90,18.632386,OUT,9,0x0,0,
91,18.632454,OUT,9,0x0,504,11 7c 32 7c 52 8c 18 c6 b7 bd d7 bd bb d6 bb de f7 c5 8f 73 f4 9c b3 94 d4 9c 96 b5 51 8c 52 8c
92,18.635268,OUT,9,0x0,0,
93,18.636722,OUT,9,0x0,6,32 8f 83 5d 09 c5
94,18.636764,OUT,9,0x0,0,
95,18.636829,OUT,9,0x0,504,d7 bd db de db de db de db de db de db de db de db de db de db de db de 58 ce d7 bd b6 b5 ff ff
96,18.639691,OUT,9,0x0,0,
97,18.641223,OUT,9,0x0,6,40 0f 84 35 09 c5
98,18.641270,OUT,9,0x0,0,
99,18.641342,OUT,9,0x0,504,b5 84 d5 8c f5 94 19 be 7a ce 7a ce 7a ce 7a ce 7a ce 15 9d 15 95 f5 8c d5 7c b5 74 d5 84 d5 8c
100,18.644182,OUT,9,0x0,0,
101,18.645819,OUT,9,0x0,6,43 8f 84 6d 09 c5
102,18.645866,OUT,9,0x0,0,
103,18.645923,OUT,9,0x0,504,b5 64 b5 5c 36 7d 7b be 7b c6 7b c6 7b c6 9b c6 9b c6 9b c6 39 b6 77 85 16 75 f6 74 95 5c d8 9d
104,18.648789,OUT,9,0x0,0,
105,18.650541,OUT,9,0x0,6,0d 43 d1 28 58 c5
106,18.650585,OUT,9,0x0,0,
107,18.650651,OUT,9,0x0,1232,ff ff ff ff 7e ef 18 b6 d4 84 d4 84 d4 84 d4 84 d4 84 d4 84 d4 84 d4 84 d4 84 d4 84 d4 84 d4 84
108,18.658157,OUT,9,0x0,0,
109,18.660188,OUT,9,0x0,6,12 c3 d1 80 58 c5
110,18.660246,OUT,9,0x0,0,
111,18.660288,OUT,9,0x0,1232,ff ff ff ff ff ff fb d6 76 9d d4 84 d4 84 d4 84 d4 84 d4 84 d4 84 d4 84 d4 84 d4 84 d4 84 d4 84
112,18.667870,OUT,9,0x0,0,
113,18.669685,OUT,9,0x0,6,40 01 f4 34 30 c5
114,18.669754,OUT,9,0x0,0,
115,18.669787,OUT,9,0x0,504,94 74 77 9d 5a be 5a be 5a be 5a be 5a be 7a be 7a c6 5a be 3a be 3a b6 95 64 b5 6c 94 6c 5a be
116,18.672615,OUT,9,0x0,0,
117,18.674119,OUT,9,0x0,6,43 81 f4 6c 30 c5
118,18.674163,OUT,9,0x0,0,
119,18.674198,OUT,9,0x0,504,d5 74 f5 84 d8 ad 7a c6 7a c6 7a c6 7a c6 7a c6 7a c6 7a c6 59 be 36 85 d5 7c b5 74 f5 7c 9b ce
120,18.677050,OUT,9,0x0,0,
121,18.678344,OUT,9,0x0,6,24 41 f2 78 30 c5
122,18.678386,OUT,9,0x0,0,
123,18.678417,OUT,9,0x0,504,89 5a 71 8c b6 b5 96 b5 96 b5 96 b5 96 b5 96 b5 76 b5 76 b5 75 ad 75 b5 86 31 c7 41 08 42 96 b5
124,18.681193,OUT,9,0x0,0,
125,18.682651,OUT,9,0x0,6,27 01 f2 a4 30 c5
126,18.682697,OUT,9,0x0,0,
127,18.682729,OUT,9,0x0,504,65 31 86 31 c7 41 68 52 88 5a 48 52 48 52 68 5a 27 52 27 52 48 52 67 5a 68 5a 68 5a c6 39 65 31
128,18.685454,OUT,9,0x0,0,
129,18.686829,OUT,9,0x0,6,29 c1 f2 d0 30 c5
130,18.686875,OUT,9,0x0,0,
131,18.686953,OUT,9,0x0,504,67 5a 68 5a 8d 7b b6 b5 b6 bd f6 c5 17 c6 17 ce 17 ce 37 ce f6 c5 ef b4 4d ac ec 8b 48 52 b2 9c
132,18.689867,OUT,9,0x0,0,
133,18.689928,OUT,9,0x0,6,24 41 f2 78 30 c5
134,18.690175,OUT,9,0x0,0,
135,18.690200,OUT,9,0x0,504,89 5a 71 8c b6 b5 96 b5 96 b5 96 b5 96 b5 96 b5 76 b5 76 b5 75 ad 75 b5 86 31 c7 41 08 42 96 b5
136,18.693050,OUT,9,0x0,0,
137,18.694814,OUT,9,0x0,6,01 ca 30 50 b4 c5
138,18.694863,OUT,9,0x0,0,
139,18.694901,OUT,9,0x0,504,30 33 30 33 30 33 57 9d f8 b5 f8 b5 d8 b5 d8 ad d8 ad 51 2b 31 2b 31 2b 31 2b 51 2b 30 33 31 33
140,18.697788,OUT,9,0x0,0,
141,18.699469,OUT,9,0x0,6,05 4a 30 88 b4 c5
142,18.699517,OUT,9,0x0,0,
143,18.699564,OUT,9,0x0,504,51 2b 51 2b 51 2b 51 2b 51 2b 31 23 13 5c 3a be f8 b5 5a c6 77 95 f5 84 f5 7c d5 7c 31 2b 31 2b
144,18.702435,OUT,9,0x0,0,
145,18.703974,OUT,9,0x0,6,08 ca 30 c0 b4 c5
146,18.704020,OUT,9,0x0,0,
147,18.704051,OUT,9,0x0,504,d5 74 b4 74 56 8d 3a be 3a be 39 b6 39 be 39 be 19 b6 19 b6 77 9d 92 3b 72 3b 31 2b d5 74 f8 ad
148,18.706957,OUT,9,0x0,0,
149,18.708455,OUT,9,0x0,6,0c 4a 30 f8 b4 c5
150,18.708505,OUT,9,0x0,0,
151,18.708540,OUT,9,0x0,504,51 2b f6 84 f9 b5 f9 b5 f9 b5 d9 b5 f9 b5 f9 b5 f9 b5 19 b6 19 b6 3a be 74 64 d5 74 b2 3b d9 ad
152,18.711359,OUT,9,0x0,0,
153,18.712643,OUT,9,0x0,6,0f ca 31 30 b4 c5
154,18.712685,OUT,9,0x0,0,
155,18.712718,OUT,9,0x0,504,32 6c ab 4a 31 7c 7a c6 9b c6 7b c6 7a c6 7a c6 9b ce 9a ce 39 be d8 ad b7 a5 6f 63 16 7d d8 ad
156,18.715471,OUT,9,0x0,0,
157,18.716984,OUT,9,0x0,6,1b 8a 31 ec b4 c5
158,18.717031,OUT,9,0x0,0,
159,18.717066,OUT,9,0x0,504,66 29 86 29 46 29 25 21 66 39 2f b4 2f b4 17 d6 17 d6 17 d6 91 b4 ee ab ee ab ee ab 86 31 87 31
160,18.719941,OUT,9,0x0,0,
161,18.721255,OUT,9,0x0,6,1f 0a 32 24 b4 c5
162,18.721299,OUT,9,0x0,0,
163,18.721364,OUT,9,0x0,504,ee a3 71 ac b6 bd bb de ba de ba de ba de ba de ba de ba de 79 d6 b6 c5 95 bd 95 bd ce a3 54 c5
164,18.724193,OUT,9,0x0,0,
165,18.725565,OUT,9,0x0,6,39 15 03 c5 61 c5
166,18.725607,OUT,9,0x0,0,
167,18.725636,OUT,9,0x0,504,18 5d 2f 33 90 4b d5 6c 33 54 f3 53 14 4c 34 4c 34 44 34 4c f3 4b f3 4b b6 6c b4 84 54 54 95 54
168,18.728340,OUT,9,0x0,0,
169,18.729681,OUT,9,0x0,6,3c 95 03 fd 61 c5
170,18.729753,OUT,9,0x0,0,
171,18.729789,OUT,9,0x0,504,2f 4b ee 2a d6 84 f9 b5 fa b5 fa b5 19 b6 d8 b5 f8 b5 19 b6 f9 ad 56 95 55 9d 33 5c 36 95 5a c6
172,18.732597,OUT,9,0x0,0,
173,18.733862,OUT,9,0x0,6,40 15 04 35 61 c5
174,18.733905,OUT,9,0x0,0,
175,18.733972,OUT,9,0x0,504,74 54 b7 75 12 4c 92 3b 92 3b 72 3b 32 3b 32 3b 51 3b 51 3b 51 3b 31 3b 31 3b 31 3b b4 54 76 6d
176,18.736685,OUT,9,0x0,0,
177,18.738033,OUT,9,0x0,6,43 95 04 6d 61 c5
178,18.738076,OUT,9,0x0,0,
179,18.738140,OUT,9,0x0,504,31 3b 31 3b b5 84 d8 b5 d8 b5 d8 b5 d8 b5 d8 b5 d8 b5 f9 b5 b8 ad 54 64 71 3b 72 43 31 3b 19 be
180,18.741025,OUT,9,0x0,0,
181,18.742460,OUT,9,0x0,6,39 16 93 c5 7a c5
182,18.742501,OUT,9,0x0,0,
183,18.742535,OUT,9,0x0,504,db 7d 59 6d d6 64 74 54 54 54 34 54 54 54 34 5c 34 5c 34 5c 34 5c 54 64 53 6c 74 74 d7 64 54 54
184,18.745340,OUT,9,0x0,0,
185,18.746736,OUT,9,0x0,6,3c 96 93 fd 7a c5
186,18.746776,OUT,9,0x0,0,
187,18.746807,OUT,9,0x0,504,74 7c 94 84 97 ad 59 ce 59 ce 7a ce 5a ce 5a ce 5a c6 5a c6 19 be 16 8d 94 6c 74 6c 94 84 9a ce
188,18.749593,OUT,9,0x0,0,
189,18.750988,OUT,9,0x0,6,40 16 94 35 7a c5
190,18.751034,OUT,9,0x0,0,
191,18.751078,OUT,9,0x0,504,74 64 74 5c 74 5c 74 5c 74 5c 74 5c 74 5c 74 5c 74 5c 74 5c 74 5c 74 5c 74 5c 74 5c 74 64 74 5c
192,18.753863,OUT,9,0x0,0,
193,18.755200,OUT,9,0x0,6,43 96 94 6d 7a c5
194,18.755242,OUT,9,0x0,0,
195,18.755275,OUT,9,0x0,504,74 5c 74 5c 77 95 3a b6 3a b6 5a b6 3a b6 5a be 5a be 5a be 39 be 36 a5 f4 9c f4 a4 74 5c 7a c6
196,18.758194,OUT,9,0x0,0,
197,18.759564,OUT,9,0x0,6,39 18 f3 c5 a0 c5
198,18.759610,OUT,9,0x0,0,
199,18.759641,OUT,9,0x0,504,d4 8c d4 84 97 a5 5a be 5a be 5a be 3a be 3a be 3a be 3a be 19 b6 f6 7c 74 64 74 64 d4 8c 9a ce
200,18.762474,OUT,9,0x0,0,
201,18.763397,OUT,9,0x0,6,3c 98 f3 fd a0 c5
202,18.763443,OUT,9,0x0,0,
203,18.763487,OUT,9,0x0,504,74 64 74 64 74 64 94 64 94 64 74 64 d5 74 5a be 5a be 5a be 16 7d 94 64 94 64 95 64 74 64 74 64
204,18.766267,OUT,9,0x0,0,
205,18.767966,OUT,9,0x0,6,40 18 f4 35 a0 c5
206,18.768015,OUT,9,0x0,0,
207,18.768085,OUT,9,0x0,504,95 6c 94 6c b4 74 b4 74 b4 7c b4 7c d4 8c d4 8c d4 8c d4 8c d4 8c d4 8c d5 84 b4 7c 94 6c b5 6c
208,18.770950,OUT,9,0x0,0,
209,18.772606,OUT,9,0x0,6,43 98 f4 6d a0 c5
210,18.772652,OUT,9,0x0,0,
211,18.772728,OUT,9,0x0,504,b4 7c b4 7c 36 8d 5a be 5a be 5a be 5a be 5a be 5a be 5a be f8 ad f5 7c b4 74 b4 74 b4 74 d8 a5
212,18.775616,OUT,9,0x0,0,
213,18.777369,OUT,9,0x0,6,47 18 f4 a5 a0 c5
214,18.777420,OUT,9,0x0,0,
215,18.777462,OUT,9,0x0,504,b4 74 b4 7c 57 9d 5a c6 5a c6 5a c6 5a c6 5a be 5a be 5a be f8 ad b4 6c b4 6c b5 74 b4 7c f8 b5
216,18.780273,OUT,9,0x0,0,
217,18.783183,OUT,9,0x0,6,0c 98 82 bd a9 c5
218,18.783357,OUT,9,0x0,0,
219,18.783444,OUT,9,0x0,8568,9b 75 9b 75 9b 75 9b 75 9b 75 9b 6d 7b 65 5b 55 5b 5d 5b 5d 7b 65 9b 65 9b 6d 9b 6d 9b 6d bb 75
220,18.835201,OUT,9,0x0,0,
221,18.839260,OUT,9,0x0,6,09 1b 14 85 d2 c5
222,18.839451,OUT,9,0x0,0,
223,18.839511,OUT,9,0x0,17272,fa 9d 1a 9e 1a a6 1a a6 3b a6 3b ae 7c be 1d df ff ff 9e f7 1d e7 3e e7 1e e7 3d e7 3d df 3d df
224,18.943353,OUT,9,0x0,0,
225,18.945608,OUT,9,0x0,6,27 04 63 d0 52 c5
226,18.945662,OUT,9,0x0,0,
227,18.945771,OUT,9,0x0,2314,58 9e 58 9e 58 9e 58 9e 58 9e 58 9e 58 9e 58 9e 58 9e 58 9e 58 9e 58 9e 58 9e 58 9e 58 9e 58 9e
228,18.959389,OUT,9,0x0,0,
229,18.959916,OUT,9,0x0,6,03 0c 31 1c cf c5
230,18.959969,OUT,9,0x0,0,
231,18.960061,OUT,9,0x0,1560,58 9e 58 9e 58 9e 58 9e 58 9e 58 9e 58 9e 58 9e 58 9e 58 9e 58 9e 58 9e 58 9e 58 9e 58 9e 58 9e
232,18.969219,OUT,9,0x0,0,
233,18.969505,OUT,9,0x0,6,26 91 b2 b1 27 c5
234,18.969553,OUT,9,0x0,0,
235,18.969650,OUT,9,0x0,494,58 9e 58 9e 58 9e 58 9e 58 9e 58 9e 58 9e 58 9e 58 9e 58 9e 58 9e 58 9e 58 9e 58 9e 58 9e 58 9e
236,18.972418,OUT,9,0x0,0,
237,18.972545,OUT,9,0x0,6,0e 95 e2 ad 6a c5
238,18.972648,OUT,9,0x0,0,
239,18.972716,OUT,9,0x0,2964,58 9e 58 9e 58 9e 58 9e 58 9e 58 9e 58 9e 58 9e 58 9e 58 9e 58 9e 58 9e 58 9e 58 9e 58 9e 58 9e
240,18.990172,OUT,9,0x0,0,
241,19.558680,OUT,9,0x0,6,32 8f 83 5d 09 c5
242,19.559041,OUT,9,0x0,0,
243,19.559117,OUT,9,0x0,504,d7 bd d7 bd d7 bd 9a d6 db de db de db de db de db de b6 b5 b6 bd d6 bd d6 bd d7 bd b6 b5 d7 bd
244,19.561946,OUT,9,0x0,0,
245,19.563445,OUT,9,0x0,6,43 8f 84 6d 09 c5
246,19.563492,OUT,9,0x0,0,
247,19.563539,OUT,9,0x0,504,b5 64 b5 5c b8 95 7b be 7b c6 7b c6 7b c6 9b c6 9b c6 9b c6 9b c6 97 8d 16 75 f6 74 95 5c 19 ae
248,19.566366,OUT,9,0x0,0,
249,19.567912,OUT,9,0x0,6,43 81 f4 6c 30 c5
250,19.567957,OUT,9,0x0,0,
251,19.568043,OUT,9,0x0,504,d5 74 f5 84 d8 ad 7a c6 7a c6 7a c6 7a c6 7a c6 7a c6 7a c6 7a c6 56 8d d5 7c b5 74 f5 7c 19 be
252,19.570875,OUT,9,0x0,0,
253,19.572424,OUT,9,0x0,6,0f ca 31 30 b4 c5
254,19.572475,OUT,9,0x0,0,
255,19.572519,OUT,9,0x0,504,32 6c b6 b5 f8 b5 7a c6 9b c6 7b c6 7a c6 7a c6 9b ce 9a ce 7a ce db d6 39 be 6f 63 16 7d ff ff
256,19.575268,OUT,9,0x0,0,
257,19.575915,OUT,9,0x0,6,3c c4 64 c4 52 c5
258,19.575957,OUT,9,0x0,0,
259,19.575993,OUT,9,0x0,1638,9d ff bd ff bd ff bd ff bd ff 9d ff 9d ff 9e ff 9d ff 9d ff bd ff de ff 3c ff 57 fe 74 e5 39 be
260,19.585783,OUT,9,0x0,0,
261,19.585999,OUT,9,0x0,6,26 91 b2 d1 27 c5
262,19.586052,OUT,9,0x0,0,
263,19.586113,OUT,9,0x0,702,58 9e 58 9e 58 9e 58 9e 58 9e 58 9e 58 9e 58 9e 58 9e 58 9e 58 9e 58 9e 58 9e 58 9e 58 9e 58 9e
264,19.590042,OUT,9,0x0,0,
265,20.525336,OUT,9,0x0,6,2f 0f 83 25 09 c5
266,20.525691,OUT,9,0x0,0,
267,20.525742,OUT,9,0x0,504,11 7c 32 7c 56 ad 7a ce b7 bd d7 bd bb d6 bb de f7 c5 f8 bd 59 c6 35 a5 d4 9c 96 b5 51 8c 7a ce
268,20.528479,OUT,9,0x0,0,
269,20.530139,OUT,9,0x0,6,32 8f 83 5d 09 c5
270,20.530191,OUT,9,0x0,0,
271,20.530229,OUT,9,0x0,504,d7 bd d7 bd 39 ce db de db de db de db de db de db de db de 99 d6 d6 bd d6 bd d7 bd b6 b5 9a d6
272,20.533054,OUT,9,0x0,0,
273,20.534657,OUT,9,0x0,6,40 0f 84 35 09 c5
274,20.534704,OUT,9,0x0,0,
275,20.534744,OUT,9,0x0,504,b5 84 d5 8c 97 ad 7a ce 7a ce 7a ce 7a ce 7a ce 7a ce 7a ce 39 be f5 8c d5 7c b5 74 d5 84 19 be
276,20.537550,OUT,9,0x0,0,
277,20.539024,OUT,9,0x0,6,43 8f 84 6d 09 c5
278,20.539066,OUT,9,0x0,0,
279,20.539102,OUT,9,0x0,504,b5 64 b5 5c 77 8d 7b be 7b c6 7b c6 7b c6 9b c6 9b c6 9b c6 39 b6 36 7d 16 75 f6 74 95 5c 19 ae
280,20.541948,OUT,9,0x0,0,
281,20.543460,OUT,9,0x0,6,0f ca 31 30 b4 c5
282,20.543506,OUT,9,0x0,0,
283,20.543537,OUT,9,0x0,504,32 6c ab 4a d4 94 7a c6 9b c6 7b c6 7a c6 7a c6 9b ce 9a ce 59 c6 f8 b5 b7 a5 6f 63 16 7d 9b ce
284,20.546366,OUT,9,0x0,0,
285,20.546525,OUT,9,0x0,6,26 91 b2 e9 27 c5
286,20.546662,OUT,9,0x0,0,
287,20.546688,OUT,9,0x0,858,58 9e 58 9e 58 9e 58 9e 58 9e 58 9e 58 9e 58 9e 58 9e 58 9e 58 9e 58 9e 58 9e 58 9e 58 9e 58 9e
288,20.551771,OUT,9,0x0,0,
289,21.592931,OUT,9,0x0,6,2f 0f 83 25 09 c5
290,21.593296,OUT,9,0x0,0,
291,21.593408,OUT,9,0x0,504,11 7c 32 7c 52 8c 18 c6 b7 bd d7 bd bb d6 bb de f7 c5 8f 73 f4 9c b3 94 d4 9c 96 b5 51 8c 52 8c
292,21.596187,OUT,9,0x0,0,
293,21.597876,OUT,9,0x0,6,32 8f 83 5d 09 c5
294,21.597922,OUT,9,0x0,0,
295,21.597969,OUT,9,0x0,504,d7 bd d7 bd 59 ce db de db de db de db de db de db de db de 99 d6 d6 bd d6 bd d7 bd b6 b5 fb de
296,21.600871,OUT,9,0x0,0,
297,21.602497,OUT,9,0x0,6,43 8f 84 6d 09 c5
298,21.602541,OUT,9,0x0,0,
299,21.602585,OUT,9,0x0,504,b5 64 b5 5c d5 64 f6 74 16 7d 16 7d 57 85 9b c6 9b c6 9b c6 97 8d 36 7d 16 75 f6 74 95 5c d5 64
300,21.605352,OUT,9,0x0,0,
301,21.607054,OUT,9,0x0,6,12 c3 d1 80 58 c5
302,21.607103,OUT,9,0x0,0,
303,21.607161,OUT,9,0x0,1232,ff ff ff ff ff ff fb d6 76 9d d4 84 d4 84 d4 84 d4 84 d4 84 d4 84 d4 84 d4 84 d4 84 d4 84 d4 84
304,21.614821,OUT,9,0x0,0,
305,21.616660,OUT,9,0x0,6,0c 4a 30 f8 b4 c5
306,21.616756,OUT,9,0x0,0,
307,21.616793,OUT,9,0x0,504,51 2b 92 3b 54 64 f9 b5 f9 b5 d9 b5 f9 b5 f9 b5 f9 b5 19 b6 b8 a5 95 74 74 64 d5 74 b2 3b 16 8d
308,21.619624,OUT,9,0x0,0,
309,21.621198,OUT,9,0x0,6,0f ca 31 30 b4 c5
310,21.621245,OUT,9,0x0,0,
311,21.621286,OUT,9,0x0,504,32 6c ab 4a d4 94 7a c6 9b c6 7b c6 7a c6 7a c6 9b ce 9a ce 39 be b7 a5 b7 a5 6f 63 16 7d 9b ce
312,21.624196,OUT,9,0x0,0,
313,21.624409,OUT,9,0x0,6,3c c4 64 c4 52 c5
314,21.624512,OUT,9,0x0,0,
315,21.624554,OUT,9,0x0,1638,9d ff bd ff bd ff bd ff bd ff 9d ff 9d ff 9e ff 9d ff 9d ff bd ff de ff 3c ff 57 fe 74 e5 39 be
316,21.634360,OUT,9,0x0,0,
317,21.634587,OUT,9,0x0,6,26 91 b2 f5 27 c5
318,21.634641,OUT,9,0x0,0,
319,21.634669,OUT,9,0x0,936,58 9e 58 9e 58 9e 58 9e 58 9e 58 9e 58 9e 58 9e 58 9e 58 9e 58 9e 58 9e 58 9e 58 9e 58 9e 58 9e
320,21.640193,OUT,9,0x0,0,
321,22.593331,OUT,9,0x0,6,43 8f 84 6d 09 c5
322,22.593690,OUT,9,0x0,0,
323,22.593744,OUT,9,0x0,504,b5 64 b5 5c b8 95 7b be 7b c6 7b c6 7b c6 9b c6 9b c6 9b c6 39 b6 36 7d 16 75 f6 74 95 5c 9b c6
324,22.596614,OUT,9,0x0,0,
325,22.598111,OUT,9,0x0,6,12 c3 d1 80 58 c5
326,22.598156,OUT,9,0x0,0,
327,22.598191,OUT,9,0x0,1232,ff ff ff ff ff ff ff ff ff ff ff ff ff ff ff ff ff ff ff ff fb d6 d4 84 d4 84 d4 84 d4 84 d4 84
328,22.605771,OUT,9,0x0,0,
329,22.607543,OUT,9,0x0,6,43 81 f4 6c 30 c5
330,22.607600,OUT,9,0x0,0,
331,22.607658,OUT,9,0x0,504,d5 74 7a c6 7a c6 7a c6 7a c6 7a c6 7a c6 7a c6 7a c6 7a c6 7a c6 7a c6 b8 a5 b5 74 f5 7c ff ff
332,22.610462,OUT,9,0x0,0,
333,22.611976,OUT,9,0x0,6,0f ca 31 30 b4 c5
334,22.612021,OUT,9,0x0,0,
335,22.612064,OUT,9,0x0,504,32 6c ab 4a 93 84 7a c6 9b c6 7b c6 7a c6 7a c6 9b ce 9a ce 39 be b7 a5 b7 a5 6f 63 16 7d 19 b6
336,22.614950,OUT,9,0x0,0,
337,22.616451,OUT,9,0x0,6,47 18 f4 a5 a0 c5
338,22.616496,OUT,9,0x0,0,
339,22.616540,OUT,9,0x0,504,b4 74 b4 7c 36 8d 5a c6 5a c6 5a c6 5a c6 5a be 5a be 5a be f8 ad f5 7c b4 6c b5 74 b4 7c d8 ad
340,22.619365,OUT,9,0x0,0,
341,22.619469,OUT,9,0x0,6,3c 84 64 c4 52 c5
342,22.619647,OUT,9,0x0,0,
343,22.619676,OUT,9,0x0,1664,9c ff 9d ff bd ff bd ff bd ff bd ff 9d ff 9d ff 9e ff 9d ff 9d ff bd ff de ff 3c ff 57 fe 74 e5
344,22.629471,OUT,9,0x0,0,
345,22.629698,OUT,9,0x0,6,26 91 b3 01 27 c5
346,22.629817,OUT,9,0x0,0,
347,22.629845,OUT,9,0x0,1014,58 9e 58 9e 58 9e 58 9e 58 9e 58 9e 58 9e 58 9e 58 9e 58 9e 58 9e 58 9e 58 9e 58 9e 58 9e 58 9e
348,22.635678,OUT,9,0x0,0,
349,23.548489,OUT,9,0x0,6,32 8f 83 5d 09 c5
350,23.548859,OUT,9,0x0,0,
351,23.548952,OUT,9,0x0,504,d7 bd d7 bd 39 ce db de db de db de db de db de db de db de 99 d6 d6 bd d6 bd d7 bd b6 b5 9a d6
352,23.551794,OUT,9,0x0,0,
353,23.551886,OUT,9,0x0,6,43 8f 84 6d 09 c5
354,23.552102,OUT,9,0x0,0,
355,23.552159,OUT,9,0x0,504,b5 64 b5 5c d5 64 f6 74 16 7d 16 7d 57 85 9b c6 9b c6 9b c6 97 8d 36 7d 16 75 f6 74 95 5c d5 64
356,23.555023,OUT,9,0x0,0,
357,23.555150,OUT,9,0x0,6,0f ca 31 30 b4 c5
358,23.555328,OUT,9,0x0,0,
359,23.555396,OUT,9,0x0,504,32 6c ab 4a d4 94 7a c6 9b c6 7b c6 7a c6 7a c6 9b ce 9a ce 59 c6 f8 b5 b7 a5 6f 63 16 7d 9b ce
360,23.558199,OUT,9,0x0,0,
361,23.558363,OUT,9,0x0,6,3c 44 64 c4 52 c5
362,23.558512,OUT,9,0x0,0,
363,23.558624,OUT,9,0x0,1690,7c ff 9c ff 9d ff bd ff bd ff bd ff bd ff 9d ff 9d ff 9e ff 9d ff 9d ff bd ff de ff 3c ff 57 fe
364,23.568836,OUT,9,0x0,0,
365,23.569112,OUT,9,0x0,6,2f 91 b4 bd 27 c5
366,23.569161,OUT,9,0x0,0,
367,23.569235,OUT,9,0x0,2964,5d ef fb de d1 6b 55 74 79 9d b8 b5 9a de b6 b5 58 ce 5c f7 58 ce 1c e7 ff ff ff ff 9a d6 3c e7
368,23.587066,OUT,9,0x0,0,
369,24.614561,OUT,9,0x0,6,2f 0f 83 25 09 c5
370,24.614923,OUT,9,0x0,0,
371,24.615020,OUT,9,0x0,504,11 7c 32 7c 56 ad 7a ce b7 bd d7 bd bb d6 bb de f7 c5 f8 bd 59 c6 35 a5 d4 9c 96 b5 51 8c 7a ce
372,24.617875,OUT,9,0x0,0,
373,24.619532,OUT,9,0x0,6,32 8f 83 5d 09 c5
374,24.619576,OUT,9,0x0,0,
375,24.619610,OUT,9,0x0,504,d7 bd d7 bd 18 c6 db de db de db de db de db de db de db de 99 d6 f7 c5 d6 bd d7 bd b6 b5 7a d6
376,24.622366,OUT,9,0x0,0,
377,24.624010,OUT,9,0x0,6,43 8f 84 6d 09 c5
378,24.624055,OUT,9,0x0,0,
379,24.624137,OUT,9,0x0,504,b5 64 98 95 7a be 7b be 7b c6 7b c6 7b c6 9b c6 9b c6 9b c6 9b c6 9b c6 16 75 f6 74 95 5c 7a be
380,24.626958,OUT,9,0x0,0,
381,24.627116,OUT,9,0x0,6,43 81 f4 6c 30 c5
382,24.627255,OUT,9,0x0,0,
383,24.627282,OUT,9,0x0,504,d5 74 f5 84 d8 ad 7a c6 7a c6 7a c6 7a c6 7a c6 7a c6 7a c6 59 be 36 85 d5 7c b5 74 f5 7c 9b ce
384,24.630198,OUT,9,0x0,0,
385,24.630285,OUT,9,0x0,6,27 04 63 cc 52 c5
386,24.630497,OUT,9,0x0,0,
387,24.630547,OUT,9,0x0,2288,58 9e 58 9e 58 9e 58 9e 58 9e 58 9e 58 9e 58 9e 58 9e 58 9e 58 9e 58 9e 58 9e 58 9e 58 9e 58 9e
388,24.643795,OUT,9,0x0,0,
389,24.644033,OUT,9,0x0,6,2f d1 b4 bd 27 c5
390,24.644083,OUT,9,0x0,0,
391,24.644146,OUT,9,0x0,2938,fb de d1 6b 55 74 79 9d b8 b5 9a de b6 b5 58 ce 5c f7 58 ce 1c e7 ff ff ff ff 9a d6 3c e7 ff ff
392,24.661697,OUT,9,0x0,0,
393,25.610144,OUT,9,0x0,6,2f 0f 83 25 09 c5
394,25.610514,OUT,9,0x0,0,
395,25.610563,OUT,9,0x0,504,11 7c 32 7c 52 8c 18 c6 b7 bd d7 bd bb d6 bb de f7 c5 8f 73 f4 9c b3 94 d4 9c 96 b5 51 8c 52 8c
396,25.613357,OUT,9,0x0,0,
397,25.613409,OUT,9,0x0,6,32 8f 83 5d 09 c5
398,25.613662,OUT,9,0x0,0,
399,25.613712,OUT,9,0x0,504,d7 bd db de db de db de db de db de db de db de db de db de db de db de 58 ce d7 bd b6 b5 ff ff
400,25.616609,OUT,9,0x0,0,
401,25.616667,OUT,9,0x0,6,12 c3 d1 80 58 c5
402,25.616896,OUT,9,0x0,0,
403,25.616929,OUT,9,0x0,1232,ff ff ff ff ff ff fb d6 76 9d d4 84 d4 84 d4 84 d4 84 d4 84 d4 84 d4 84 d4 84 d4 84 d4 84 d4 84
404,25.624438,OUT,9,0x0,0,
405,25.624660,OUT,9,0x0,6,43 81 f4 6c 30 c5
406,25.624758,OUT,9,0x0,0,
407,25.624786,OUT,9,0x0,504,d5 74 7a c6 7a c6 7a c6 7a c6 7a c6 7a c6 7a c6 7a c6 7a c6 7a c6 7a c6 b8 a5 b5 74 f5 7c ff ff
408,25.627700,OUT,9,0x0,0,
409,25.629446,OUT,9,0x0,6,0c 4a 30 f8 b4 c5
410,25.629497,OUT,9,0x0,0,
411,25.629572,OUT,9,0x0,504,51 2b 92 3b 95 74 f9 b5 f9 b5 d9 b5 f9 b5 f9 b5 f9 b5 19 b6 b8 a5 54 64 74 64 d5 74 b2 3b 57 9d
412,25.632365,OUT,9,0x0,0,
413,25.633872,OUT,9,0x0,6,0f ca 31 30 b4 c5
414,25.633918,OUT,9,0x0,0,
415,25.633996,OUT,9,0x0,504,32 6c ab 4a 6f 5b d5 7c 36 85 16 7d 16 85 7a c6 9b ce 9a ce 76 a5 b7 a5 b7 a5 6f 63 16 7d d5 7c
416,25.636870,OUT,9,0x0,0,
417,25.636948,OUT,9,0x0,6,3c 44 64 c4 52 c5
418,25.637166,OUT,9,0x0,0,
419,25.637195,OUT,9,0x0,1690,7c ff 9c ff 9d ff bd ff bd ff bd ff bd ff 9d ff 9d ff 9e ff 9d ff 9d ff bd ff de ff 3c ff 57 fe
420,25.647394,OUT,9,0x0,0,
421,26.609473,OUT,9,0x0,6,43 8f 84 6d 09 c5
422,26.609845,OUT,9,0x0,0,
423,26.609925,OUT,9,0x0,504,b5 64 b5 5c d5 64 f6 74 16 7d 16 7d 57 85 9b c6 9b c6 9b c6 97 8d 36 7d 16 75 f6 74 95 5c d5 64
424,26.612797,OUT,9,0x0,0,
425,26.612866,OUT,9,0x0,6,12 c3 d1 80 58 c5
426,26.613083,OUT,9,0x0,0,
427,26.613117,OUT,9,0x0,1232,ff ff ff ff ff ff fb d6 76 9d d4 84 d4 84 d4 84 d4 84 d4 84 d4 84 d4 84 d4 84 d4 84 d4 84 d4 84
428,26.620439,OUT,9,0x0,0,
429,26.622271,OUT,9,0x0,6,43 81 f4 6c 30 c5
430,26.622325,OUT,9,0x0,0,
431,26.622357,OUT,9,0x0,504,d5 74 f5 84 d8 ad 7a c6 7a c6 7a c6 7a c6 7a c6 7a c6 7a c6 19 b6 f5 7c d5 7c b5 74 f5 7c 9b ce
432,26.625202,OUT,9,0x0,0,
433,26.625363,OUT,9,0x0,6,3c 44 64 c4 52 c5
434,26.625498,OUT,9,0x0,0,
435,26.625540,OUT,9,0x0,1690,7c ff 9c ff 9d ff bd ff bd ff bd ff bd ff 9d ff 9d ff 9e ff 9d ff 9d ff bd ff de ff 3c ff 57 fe
436,26.635784,OUT,9,0x0,0,
437,26.636039,OUT,9,0x0,6,2f 91 b4 bd 27 c5
438,26.636089,OUT,9,0x0,0,
439,26.636176,OUT,9,0x0,2964,5d ef fb de d1 6b 55 74 79 9d b8 b5 9a de b6 b5 58 ce 5c f7 58 ce 1c e7 ff ff ff ff 9a d6 3c e7
440,26.654016,OUT,9,0x0,0,
441,27.653813,OUT,9,0x0,6,32 8f 83 5d 09 c5
442,27.654179,OUT,9,0x0,0,
443,27.654306,OUT,9,0x0,504,d7 bd d7 bd d7 bd 9a d6 db de db de db de db de db de b6 b5 b6 bd d6 bd d6 bd d7 bd b6 b5 d7 bd
444,27.657193,OUT,9,0x0,0,
445,27.657306,OUT,9,0x0,6,43 8f 84 6d 09 c5
446,27.657489,OUT,9,0x0,0,
447,27.657557,OUT,9,0x0,504,b5 64 98 95 7a be 7b be 7b c6 7b c6 7b c6 9b c6 9b c6 9b c6 9b c6 9b c6 16 75 f6 74 95 5c 7a be
448,27.660453,OUT,9,0x0,0,
449,27.660589,OUT,9,0x0,6,3c 04 64 c4 52 c5
450,27.660758,OUT,9,0x0,0,
451,27.660821,OUT,9,0x0,1716,7c ff 7c ff 9c ff 9d ff bd ff bd ff bd ff bd ff 9d ff 9d ff 9e ff 9d ff 9d ff bd ff de ff 3c ff
452,27.670951,OUT,9,0x0,0,
453,27.671219,OUT,9,0x0,6,26 91 b2 f9 27 c5
454,27.671270,OUT,9,0x0,0,
455,27.671372,OUT,9,0x0,962,58 9e 58 9e 58 9e 58 9e 58 9e 58 9e 58 9e 58 9e 58 9e 58 9e 58 9e 58 9e 58 9e 58 9e 58 9e 58 9e
456,27.677143,OUT,9,0x0,0,
457,28.655690,OUT,9,0x0,6,32 8f 83 5d 09 c5
458,28.656056,OUT,9,0x0,0,
459,28.656125,OUT,9,0x0,504,d7 bd 59 ce db de db de db de db de db de db de db de db de db de db de d6 bd d7 bd b6 b5 db de
460,28.658962,OUT,9,0x0,0,
461,28.659019,OUT,9,0x0,6,43 8f 84 6d 09 c5
462,28.659269,OUT,9,0x0,0,
463,28.659349,OUT,9,0x0,504,b5 64 b5 5c d5 64 f6 74 16 7d 16 7d 57 85 9b c6 9b c6 9b c6 97 8d 36 7d 16 75 f6 74 95 5c d5 64
464,28.662188,OUT,9,0x0,0,
465,28.662271,OUT,9,0x0,6,43 81 f4 6c 30 c5
466,28.662483,OUT,9,0x0,0,
467,28.662552,OUT,9,0x0,504,d5 74 7a c6 7a c6 7a c6 7a c6 7a c6 7a c6 7a c6 7a c6 7a c6 7a c6 7a c6 b8 a5 b5 74 f5 7c ff ff
468,28.665360,OUT,9,0x0,0,
469,28.667102,OUT,9,0x0,6,0f ca 31 30 b4 c5
470,28.667157,OUT,9,0x0,0,
471,28.667204,OUT,9,0x0,504,32 6c ab 4a 6f 5b 19 b6 9b c6 7b c6 7a c6 7a c6 9b ce 35 95 15 95 b7 a5 b7 a5 6f 63 16 7d d5 7c
472,28.670056,OUT,9,0x0,0,
473,28.670265,OUT,9,0x0,6,2f 91 b4 bd 27 c5
474,28.670363,OUT,9,0x0,0,
475,28.670427,OUT,9,0x0,2964,5d ef fb de d1 6b 55 74 79 9d b8 b5 9a de b6 b5 58 ce 5c f7 58 ce 1c e7 ff ff ff ff 9a d6 3c e7
476,28.688071,OUT,9,0x0,0,
477,29.631626,OUT,9,0x0,6,32 8f 83 5d 09 c5
478,29.631993,OUT,9,0x0,0,
479,29.632077,OUT,9,0x0,504,d7 bd d7 bd 59 ce db de db de db de db de db de db de db de 99 d6 d6 bd d6 bd d7 bd b6 b5 fb de
480,29.634958,OUT,9,0x0,0,
481,29.635027,OUT,9,0x0,6,43 8f 84 6d 09 c5
482,29.635246,OUT,9,0x0,0,
483,29.635321,OUT,9,0x0,504,b5 64 98 95 7a be 7b be 7b c6 7b c6 7b c6 9b c6 9b c6 9b c6 9b c6 9b c6 16 75 f6 74 95 5c 7a be
484,29.638204,OUT,9,0x0,0,
485,29.638318,OUT,9,0x0,6,43 81 f4 6c 30 c5
486,29.638502,OUT,9,0x0,0,
487,29.638562,OUT,9,0x0,504,d5 74 f5 84 d8 ad 7a c6 7a c6 7a c6 7a c6 7a c6 7a c6 7a c6 7a c6 56 8d d5 7c b5 74 f5 7c 19 be
488,29.641375,OUT,9,0x0,0,
489,29.641480,OUT,9,0x0,6,0f ca 31 30 b4 c5
490,29.641655,OUT,9,0x0,0,
491,29.641713,OUT,9,0x0,504,32 6c ab 4a d4 94 7a c6 9b c6 7b c6 7a c6 7a c6 9b ce 9a ce 59 c6 f8 b5 b7 a5 6f 63 16 7d 9b ce
492,29.644486,OUT,9,0x0,0,
493,29.644673,OUT,9,0x0,6,27 04 63 c8 52 c5
494,29.644824,OUT,9,0x0,0,
495,29.644904,OUT,9,0x0,2262,58 9e 58 9e 58 9e 58 9e 58 9e 58 9e 58 9e 58 9e 58 9e 58 9e 58 9e 58 9e 58 9e 58 9e 58 9e 58 9e
496,29.658191,OUT,9,0x0,0,
497,29.658457,OUT,9,0x0,6,26 91 b2 f9 27 c5
498,29.658510,OUT,9,0x0,0,
499,29.658618,OUT,9,0x0,962,58 9e 58 9e 58 9e 58 9e 58 9e 58 9e 58 9e 58 9e 58 9e 58 9e 58 9e 58 9e 58 9e 58 9e 58 9e 58 9e
500,29.664393,OUT,9,0x0,0,
501,30.682938,OUT,9,0x0,6,32 8f 83 5d 09 c5
502,30.683305,OUT,9,0x0,0,
503,30.683442,OUT,9,0x0,504,d7 bd d7 bd d7 bd 9a d6 db de db de db de db de db de b6 b5 b6 bd d6 bd d6 bd d7 bd b6 b5 d7 bd
504,30.686281,OUT,9,0x0,0,
505,30.686454,OUT,9,0x0,6,40 0f 84 35 09 c5
506,30.686562,OUT,9,0x0,0,
507,30.686674,OUT,9,0x0,504,b5 84 d5 8c f5 94 19 be 7a ce 7a ce 7a ce 7a ce 7a ce 15 9d 15 95 f5 8c d5 7c b5 74 d5 84 d5 8c
508,30.689614,OUT,9,0x0,0,
509,30.691353,OUT,9,0x0,6,43 8f 84 6d 09 c5
510,30.691399,OUT,9,0x0,0,
511,30.691492,OUT,9,0x0,504,b5 64 5a b6 7a be 7b be 7b c6 7b c6 7b c6 9b c6 9b c6 9b c6 9b c6 9b c6 d8 9d f6 74 95 5c ff ff
512,30.694280,OUT,9,0x0,0,
513,30.694345,OUT,9,0x0,6,12 c3 d1 80 58 c5
514,30.694562,OUT,9,0x0,0,
515,30.694592,OUT,9,0x0,1232,ff ff ff ff ff ff ff ff ff ff ff ff ff ff ff ff ff ff ff ff fb d6 d4 84 d4 84 d4 84 d4 84 d4 84
516,30.702263,OUT,9,0x0,0,
517,30.702502,OUT,9,0x0,6,43 81 f4 6c 30 c5
518,30.702552,OUT,9,0x0,0,
519,30.702601,OUT,9,0x0,504,d5 74 7a c6 7a c6 7a c6 7a c6 7a c6 7a c6 7a c6 7a c6 7a c6 7a c6 7a c6 b8 a5 b5 74 f5 7c ff ff
520,30.705363,OUT,9,0x0,0,
521,30.707039,OUT,9,0x0,6,0c 4a 30 f8 b4 c5
522,30.707084,OUT,9,0x0,0,
523,30.707139,OUT,9,0x0,504,51 2b 92 3b 92 3b 77 9d f9 b5 d9 b5 f9 b5 f9 b5 f9 b5 d3 4b 13 54 54 64 74 64 d5 74 b2 3b 52 2b
524,30.710033,OUT,9,0x0,0,
525,30.711523,OUT,9,0x0,6,0f ca 31 30 b4 c5
526,30.711569,OUT,9,0x0,0,
527,30.711612,OUT,9,0x0,504,32 6c ab 4a d4 94 7a c6 9b c6 7b c6 7a c6 7a c6 9b ce 9a ce 7a ce f8 b5 b7 a5 6f 63 16 7d 19 b6
528,30.714469,OUT,9,0x0,0,
529,30.714606,OUT,9,0x0,6,3c 44 64 c4 52 c5
530,30.714763,OUT,9,0x0,0,
531,30.714808,OUT,9,0x0,1690,7c ff 9c ff 9d ff bd ff bd ff bd ff bd ff 9d ff 9d ff 9e ff 9d ff 9d ff bd ff de ff 3c ff 57 fe
532,30.724901,OUT,9,0x0,0,
533,30.725157,OUT,9,0x0,6,2c d1 b4 bd 27 c5
534,30.725206,OUT,9,0x0,0,
535,30.725237,OUT,9,0x0,3250,9d ff 9d ff 9d ff be ff bd ff 7c ff 5c ff fa fe 94 e5 b6 cd 7e ef 5d ef fb de d1 6b 55 74 79 9d
536,30.744343,OUT,9,0x0,0,
537,31.772375,OUT,9,0x0,6,2f 0f 83 25 09 c5
538,31.772771,OUT,9,0x0,0,
539,31.772898,OUT,9,0x0,504,11 7c 32 7c 56 ad 7a ce b7 bd d7 bd bb d6 bb de f7 c5 f8 bd 59 c6 35 a5 d4 9c 96 b5 51 8c 7a ce
540,31.775803,OUT,9,0x0,0,
541,31.777568,OUT,9,0x0,6,32 8f 83 5d 09 c5
542,31.777615,OUT,9,0x0,0,
543,31.777656,OUT,9,0x0,504,d7 bd d7 bd d7 bd d7 bd d7 bd d7 b5 d7 bd db de db de db de f7 c5 d6 bd d6 bd d7 bd b6 b5 d7 bd
544,31.780612,OUT,9,0x0,0,
545,31.782335,OUT,9,0x0,6,40 01 f4 34 30 c5
546,31.782389,OUT,9,0x0,0,
547,31.782424,OUT,9,0x0,504,94 74 94 74 97 9d 5a be 5a be 5a be 5a be 7a be 7a c6 5a be d8 ad 75 5c 95 64 b5 6c 94 6c 7a c6
548,31.785290,OUT,9,0x0,0,
549,31.786883,OUT,9,0x0,6,43 81 f4 6c 30 c5
550,31.786931,OUT,9,0x0,0,
551,31.786980,OUT,9,0x0,504,d5 74 f5 84 15 8d 39 be 7a c6 7a c6 7a c6 7a c6 7a c6 f5 84 f5 84 f5 7c d5 7c b5 74 f5 7c f5 8c
552,31.789877,OUT,9,0x0,0,
553,31.789941,OUT,9,0x0,6,0c 4a 30 f8 b4 c5
554,31.790159,OUT,9,0x0,0,
555,31.790195,OUT,9,0x0,504,51 2b f6 84 f9 b5 f9 b5 f9 b5 d9 b5 f9 b5 f9 b5 f9 b5 19 b6 19 b6 3a be 74 64 d5 74 b2 3b d9 ad
556,31.792961,OUT,9,0x0,0,
557,31.794605,OUT,9,0x0,6,0f ca 31 30 b4 c5
558,31.794653,OUT,9,0x0,0,
559,31.794732,OUT,9,0x0,504,32 6c 72 8c f8 b5 7a c6 9b c6 7b c6 7a c6 7a c6 9b ce 9a ce 7a ce db d6 b7 a5 6f 63 16 7d 7a c6
560,31.797603,OUT,9,0x0,0,
561,31.797705,OUT,9,0x0,6,27 04 63 dc 52 c5
562,31.797903,OUT,9,0x0,0,
563,31.797937,OUT,9,0x0,2392,58 9e 58 9e 58 9e 58 9e 58 9e 58 9e 58 9e 58 9e 58 9e 58 9e 58 9e 58 9e 58 9e 58 9e 58 9e 58 9e
564,31.812010,OUT,9,0x0,0,
565,31.812243,OUT,9,0x0,6,2c d1 b4 bd 27 c5
566,31.812292,OUT,9,0x0,0,
567,31.812324,OUT,9,0x0,3250,9d ff 9d ff 9d ff be ff bd ff 7c ff 5c ff fa fe 94 e5 b6 cd 7e ef 5d ef fb de d1 6b 55 74 79 9d
568,31.831677,OUT,9,0x0,0,
569,32.710566,OUT,9,0x0,6,2f 0f 83 25 09 c5
570,32.710932,OUT,9,0x0,0,
571,32.711005,OUT,9,0x0,504,11 7c 32 7c 52 8c 18 c6 b7 bd d7 bd bb d6 bb de f7 c5 8f 73 f4 9c b3 94 d4 9c 96 b5 51 8c 52 8c
572,32.713879,OUT,9,0x0,0,
573,32.715581,OUT,9,0x0,6,32 8f 83 5d 09 c5
574,32.715628,OUT,9,0x0,0,
575,32.715677,OUT,9,0x0,504,d7 bd d7 bd 59 ce db de db de db de db de db de db de db de db de 17 c6 d6 bd d7 bd b6 b5 9a d6
576,32.718608,OUT,9,0x0,0,
577,32.718657,OUT,9,0x0,6,40 0f 84 35 09 c5
578,32.718916,OUT,9,0x0,0,
579,32.718944,OUT,9,0x0,504,b5 84 d5 8c 97 ad 7a ce 7a ce 7a ce 7a ce 7a ce 7a ce 7a ce 39 be f5 8c d5 7c b5 74 d5 84 19 be
580,32.721803,OUT,9,0x0,0,
581,32.723445,OUT,9,0x0,6,43 8f 84 6d 09 c5
582,32.723495,OUT,9,0x0,0,
583,32.723540,OUT,9,0x0,504,b5 64 b5 5c d5 64 19 ae 7b c6 7b c6 7b c6 9b c6 9b c6 36 85 36 7d 36 7d 16 75 f6 74 95 5c d5 64
584,32.726362,OUT,9,0x0,0,
585,32.726509,OUT,9,0x0,6,0c 4a 30 f8 b4 c5
586,32.726649,OUT,9,0x0,0,
587,32.726680,OUT,9,0x0,504,51 2b 92 3b 92 3b 77 9d f9 b5 d9 b5 f9 b5 f9 b5 f9 b5 d3 4b 13 54 54 64 74 64 d5 74 b2 3b 52 2b
588,32.729473,OUT,9,0x0,0,
589,32.729541,OUT,9,0x0,6,0f ca 31 30 b4 c5
590,32.729763,OUT,9,0x0,0,
591,32.729790,OUT,9,0x0,504,32 6c ab 4a 31 7c 7a c6 9b c6 7b c6 7a c6 7a c6 9b ce 9a ce 39 be d8 ad b7 a5 6f 63 16 7d d8 ad
592,32.732710,OUT,9,0x0,0,
593,32.732806,OUT,9,0x0,6,2e 51 b4 bd 27 c5
594,32.733026,OUT,9,0x0,0,
595,32.733056,OUT,9,0x0,3094,5c ff fa fe 94 e5 b6 cd 7e ef 5d ef fb de d1 6b 55 74 79 9d b8 b5 9a de b6 b5 58 ce 5c f7 58 ce
596,32.751602,OUT,9,0x0,0,
597,33.728307,OUT,9,0x0,6,43 8f 84 6d 09 c5
598,33.728671,OUT,9,0x0,0,
599,33.728762,OUT,9,0x0,504,b5 64 b5 5c 36 7d 7b be 7b c6 7b c6 7b c6 9b c6 9b c6 9b c6 39 b6 77 85 16 75 f6 74 95 5c d8 9d
600,33.731485,OUT,9,0x0,0,
601,33.731653,OUT,9,0x0,6,12 c3 d1 80 58 c5
602,33.731765,OUT,9,0x0,0,
603,33.731830,OUT,9,0x0,1232,ff ff ff ff ff ff fb d6 76 9d d4 84 d4 84 d4 84 d4 84 d4 84 d4 84 d4 84 d4 84 d4 84 d4 84 d4 84
604,33.739433,OUT,9,0x0,0,
605,33.739674,OUT,9,0x0,6,40 01 f4 34 30 c5
606,33.739766,OUT,9,0x0,0,
607,33.739837,OUT,9,0x0,504,94 74 77 9d 5a be 5a be 5a be 5a be 5a be 7a be 7a c6 5a be 3a be 3a b6 95 64 b5 6c 94 6c 5a be
608,33.742602,OUT,9,0x0,0,
609,33.742680,OUT,9,0x0,6,43 81 f4 6c 30 c5
610,33.742903,OUT,9,0x0,0,
611,33.742932,OUT,9,0x0,504,d5 74 7a c6 7a c6 7a c6 7a c6 7a c6 7a c6 7a c6 7a c6 7a c6 7a c6 7a c6 b8 a5 b5 74 f5 7c ff ff
612,33.745801,OUT,9,0x0,0,
613,33.745872,OUT,9,0x0,6,0c 4a 30 f8 b4 c5
614,33.746091,OUT,9,0x0,0,
615,33.746157,OUT,9,0x0,504,51 2b 92 3b 95 74 f9 b5 f9 b5 d9 b5 f9 b5 f9 b5 f9 b5 19 b6 b8 a5 54 64 74 64 d5 74 b2 3b 57 9d
616,33.749041,OUT,9,0x0,0,
617,33.749217,OUT,9,0x0,6,0f ca 31 30 b4 c5
618,33.749321,OUT,9,0x0,0,
619,33.749363,OUT,9,0x0,504,32 6c ab 4a 6f 5b 19 b6 9b c6 7b c6 7a c6 7a c6 9b ce 35 95 15 95 b7 a5 b7 a5 6f 63 16 7d d5 7c
620,33.752198,OUT,9,0x0,0,
621,33.752272,OUT,9,0x0,6,3c 84 64 c4 52 c5
622,33.752488,OUT,9,0x0,0,
623,33.752519,OUT,9,0x0,1664,9c ff 9d ff bd ff bd ff bd ff bd ff 9d ff 9d ff 9e ff 9d ff 9d ff bd ff de ff 3c ff 57 fe 74 e5
624,33.762228,OUT,9,0x0,0,
625,34.742889,OUT,9,0x0,6,32 8f 83 5d 09 c5
626,34.743255,OUT,9,0x0,0,
627,34.743321,OUT,9,0x0,504,d7 bd d7 bd d7 bd 9a d6 db de db de db de db de db de b6 b5 b6 bd d6 bd d6 bd d7 bd b6 b5 d7 bd
628,34.746199,OUT,9,0x0,0,
629,34.746251,OUT,9,0x0,6,43 8f 84 6d 09 c5
630,34.746503,OUT,9,0x0,0,
631,34.746530,OUT,9,0x0,504,b5 64 b5 5c d5 64 f6 74 16 7d 16 7d 57 85 9b c6 9b c6 9b c6 97 8d 36 7d 16 75 f6 74 95 5c d5 64
632,34.749282,OUT,9,0x0,0,
633,34.749360,OUT,9,0x0,6,12 c3 d1 80 58 c5
634,34.749577,OUT,9,0x0,0,
635,34.749620,OUT,9,0x0,1232,ff ff ff ff ff ff fb d6 76 9d d4 84 d4 84 d4 84 d4 84 d4 84 d4 84 d4 84 d4 84 d4 84 d4 84 d4 84
636,34.757171,OUT,9,0x0,0,
637,34.757378,OUT,9,0x0,6,43 81 f4 6c 30 c5
638,34.757425,OUT,9,0x0,0,
639,34.757452,OUT,9,0x0,504,d5 74 f5 84 d8 ad 7a c6 7a c6 7a c6 7a c6 7a c6 7a c6 7a c6 19 b6 f5 7c d5 7c b5 74 f5 7c 9b ce
640,34.760290,OUT,9,0x0,0,
641,34.760350,OUT,9,0x0,6,0c 4a 30 f8 b4 c5
642,34.760599,OUT,9,0x0,0,
643,34.760627,OUT,9,0x0,504,51 2b 92 3b 92 3b 77 9d f9 b5 d9 b5 f9 b5 f9 b5 f9 b5 d3 4b 13 54 54 64 74 64 d5 74 b2 3b 52 2b
644,34.763475,OUT,9,0x0,0,
645,34.763555,OUT,9,0x0,6,0f ca 31 30 b4 c5
646,34.763765,OUT,9,0x0,0,
647,34.763837,OUT,9,0x0,504,32 6c ab 4a d4 94 7a c6 9b c6 7b c6 7a c6 7a c6 9b ce 9a ce 7a ce f8 b5 b7 a5 6f 63 16 7d 19 b6
648,34.766720,OUT,9,0x0,0,
649,34.766883,OUT,9,0x0,6,3c 44 64 c4 52 c5
650,34.767020,OUT,9,0x0,0,
651,34.767047,OUT,9,0x0,1690,7c ff 9c ff 9d ff bd ff bd ff bd ff bd ff 9d ff 9d ff 9e ff 9d ff 9d ff bd ff de ff 3c ff 57 fe
652,34.777159,OUT,9,0x0,0,
653,34.777370,OUT,9,0x0,6,26 91 b2 f5 27 c5
654,34.777420,OUT,9,0x0,0,
655,34.777490,OUT,9,0x0,936,58 9e 58 9e 58 9e 58 9e 58 9e 58 9e 58 9e 58 9e 58 9e 58 9e 58 9e 58 9e 58 9e 58 9e 58 9e 58 9e
656,34.782869,OUT,9,0x0,0,
657,35.772926,OUT,9,0x0,6,2f 0f 83 25 09 c5
658,35.773277,OUT,9,0x0,0,
659,35.773372,OUT,9,0x0,504,11 7c 32 7c 56 ad 7a ce b7 bd d7 bd bb d6 bb de f7 c5 f8 bd 59 c6 35 a5 d4 9c 96 b5 51 8c 7a ce
660,35.776295,OUT,9,0x0,0,
661,35.776389,OUT,9,0x0,6,32 8f 83 5d 09 c5
662,35.776605,OUT,9,0x0,0,
663,35.776641,OUT,9,0x0,504,d7 bd d7 bd 39 ce db de db de db de db de db de db de db de 99 d6 d6 bd d6 bd d7 bd b6 b5 9a d6
664,35.779482,OUT,9,0x0,0,
665,35.779590,OUT,9,0x0,6,43 8f 84 6d 09 c5
666,35.779768,OUT,9,0x0,0,
667,35.779878,OUT,9,0x0,504,b5 64 98 95 7a be 7b be 7b c6 7b c6 7b c6 9b c6 9b c6 9b c6 9b c6 9b c6 16 75 f6 74 95 5c 7a be
668,35.782713,OUT,9,0x0,0,
669,35.782785,OUT,9,0x0,6,12 c3 d1 80 58 c5
670,35.783002,OUT,9,0x0,0,
671,35.783099,OUT,9,0x0,1232,ff ff ff ff ff ff fb d6 76 9d d4 84 d4 84 d4 84 d4 84 d4 84 d4 84 d4 84 d4 84 d4 84 d4 84 d4 84
672,35.790448,OUT,9,0x0,0,
673,35.790766,OUT,9,0x0,6,43 81 f4 6c 30 c5
674,35.790813,OUT,9,0x0,0,
675,35.790876,OUT,9,0x0,504,d5 74 7a c6 7a c6 7a c6 7a c6 7a c6 7a c6 7a c6 7a c6 7a c6 7a c6 7a c6 b8 a5 b5 74 f5 7c ff ff
676,35.793709,OUT,9,0x0,0,
677,35.793789,OUT,9,0x0,6,0f ca 31 30 b4 c5
678,35.794009,OUT,9,0x0,0,
679,35.794039,OUT,9,0x0,504,32 6c ab 4a d4 94 7a c6 9b c6 7b c6 7a c6 7a c6 9b ce 9a ce 39 be b7 a5 b7 a5 6f 63 16 7d 9b ce
680,35.796885,OUT,9,0x0,0,
681,35.796971,OUT,9,0x0,6,3c 84 64 c4 52 c5
682,35.797191,OUT,9,0x0,0,
683,35.797225,OUT,9,0x0,1664,9c ff 9d ff bd ff bd ff bd ff bd ff 9d ff 9d ff 9e ff 9d ff 9d ff bd ff de ff 3c ff 57 fe 74 e5
684,35.806983,OUT,9,0x0,0,
685,35.807212,OUT,9,0x0,6,26 91 b2 f9 27 c5
686,35.807327,OUT,9,0x0,0,
687,35.807355,OUT,9,0x0,962,58 9e 58 9e 58 9e 58 9e 58 9e 58 9e 58 9e 58 9e 58 9e 58 9e 58 9e 58 9e 58 9e 58 9e 58 9e 58 9e
688,35.813018,OUT,9,0x0,0,
689,36.773361,OUT,9,0x0,6,2f 0f 83 25 09 c5
690,36.773717,OUT,9,0x0,0,
691,36.773806,OUT,9,0x0,504,11 7c 32 7c 52 8c 18 c6 b7 bd d7 bd bb d6 bb de f7 c5 8f 73 f4 9c b3 94 d4 9c 96 b5 51 8c 52 8c
692,36.776710,OUT,9,0x0,0,
693,36.776852,OUT,9,0x0,6,32 8f 83 5d 09 c5
694,36.776995,OUT,9,0x0,0,
695,36.777108,OUT,9,0x0,504,d7 bd 59 ce db de db de db de db de db de db de db de db de db de db de d6 bd d7 bd b6 b5 db de
696,36.779964,OUT,9,0x0,0,
697,36.781658,OUT,9,0x0,6,43 8f 84 6d 09 c5
698,36.781705,OUT,9,0x0,0,
699,36.781775,OUT,9,0x0,504,b5 64 b5 5c b8 95 7b be 7b c6 7b c6 7b c6 9b c6 9b c6 9b c6 7a be 77 85 16 75 f6 74 95 5c 9b c6
700,36.784606,OUT,9,0x0,0,
701,36.784708,OUT,9,0x0,6,43 81 f4 6c 30 c5
702,36.784906,OUT,9,0x0,0,
703,36.784978,OUT,9,0x0,504,d5 74 f5 84 d8 ad 7a c6 7a c6 7a c6 7a c6 7a c6 7a c6 7a c6 19 b6 f5 7c d5 7c b5 74 f5 7c 9b ce
704,36.787885,OUT,9,0x0,0,
705,36.788073,OUT,9,0x0,6,0f ca 31 30 b4 c5
706,36.788179,OUT,9,0x0,0,
707,36.788250,OUT,9,0x0,504,32 6c ab 4a d4 94 7a c6 9b c6 7b c6 7a c6 7a c6 9b ce 9a ce 7a ce f8 b5 b7 a5 6f 63 16 7d 19 b6
708,36.791069,OUT,9,0x0,0,
709,36.791208,OUT,9,0x0,6,3c 44 64 c4 52 c5
710,36.791356,OUT,9,0x0,0,
711,36.791421,OUT,9,0x0,1690,7c ff 9c ff 9d ff bd ff bd ff bd ff bd ff 9d ff 9d ff 9e ff 9d ff 9d ff bd ff de ff 3c ff 57 fe
712,36.801657,OUT,9,0x0,0,
713,36.801934,OUT,9,0x0,6,26 91 b3 11 27 c5
714,36.801982,OUT,9,0x0,0,
715,36.802019,OUT,9,0x0,1118,58 9e 58 9e 58 9e 58 9e 58 9e 58 9e 58 9e 58 9e 58 9e 58 9e 58 9e 58 9e 58 9e 58 9e 58 9e 58 9e
716,36.808445,OUT,9,0x0,0,
717,37.773395,OUT,9,0x0,6,0c 4a 30 f8 b4 c5
718,37.773777,OUT,9,0x0,0,
719,37.773870,OUT,9,0x0,504,51 2b 92 3b 95 74 f9 b5 f9 b5 d9 b5 f9 b5 f9 b5 f9 b5 19 b6 b8 a5 54 64 74 64 d5 74 b2 3b 57 9d
720,37.776716,OUT,9,0x0,0,
721,37.776775,OUT,9,0x0,6,0f ca 31 30 b4 c5
722,37.776998,OUT,9,0x0,0,
723,37.777073,OUT,9,0x0,504,32 6c ab 4a 6f 5b 19 b6 9b c6 7b c6 7a c6 7a c6 9b ce 35 95 15 95 b7 a5 b7 a5 6f 63 16 7d d5 7c
724,37.779883,OUT,9,0x0,0,
725,37.779986,OUT,9,0x0,6,3c 44 64 c4 52 c5
726,37.780163,OUT,9,0x0,0,
727,37.780243,OUT,9,0x0,1690,7c ff 9c ff 9d ff bd ff bd ff bd ff bd ff 9d ff 9d ff 9e ff 9d ff 9d ff bd ff de ff 3c ff 57 fe
728,37.790409,OUT,9,0x0,0,
729,38.804588,OUT,9,0x0,6,32 8f 83 5d 09 c5
730,38.804949,OUT,9,0x0,0,
731,38.805001,OUT,9,0x0,504,d7 bd d7 bd d7 bd 9a d6 db de db de db de db de db de b6 b5 b6 bd d6 bd d6 bd d7 bd b6 b5 d7 bd
732,38.807886,OUT,9,0x0,0,
733,38.807992,OUT,9,0x0,6,43 8f 84 6d 09 c5
734,38.808166,OUT,9,0x0,0,
735,38.808197,OUT,9,0x0,504,b5 64 98 95 7a be 7b be 7b c6 7b c6 7b c6 9b c6 9b c6 9b c6 9b c6 9b c6 16 75 f6 74 95 5c 7a be
736,38.810966,OUT,9,0x0,0,
737,38.812738,OUT,9,0x0,6,12 c3 d1 80 58 c5
738,38.812786,OUT,9,0x0,0,
739,38.812838,OUT,9,0x0,1232,ff ff ff ff ff ff ff ff ff ff 18 b6 d4 84 d4 84 d4 84 d4 84 d4 84 d4 84 d4 84 d4 84 fb d6 ff ff
740,38.820338,OUT,9,0x0,0,
741,38.820580,OUT,9,0x0,6,0c 4a 30 f8 b4 c5
742,38.820628,OUT,9,0x0,0,
743,38.820695,OUT,9,0x0,504,51 2b 92 3b 92 3b 77 9d f9 b5 d9 b5 f9 b5 f9 b5 f9 b5 d3 4b 13 54 54 64 74 64 d5 74 b2 3b 52 2b
744,38.823626,OUT,9,0x0,0,
745,38.823740,OUT,9,0x0,6,0f ca 31 30 b4 c5
746,38.823913,OUT,9,0x0,0,
747,38.823974,OUT,9,0x0,504,32 6c ab 4a d4 94 7a c6 9b c6 7b c6 7a c6 7a c6 9b ce 9a ce 7a ce f8 b5 b7 a5 6f 63 16 7d 19 b6
748,38.826808,OUT,9,0x0,0,
749,38.826941,OUT,9,0x0,6,3c 44 64 c4 52 c5
750,38.827086,OUT,9,0x0,0,
751,38.827149,OUT,9,0x0,1690,7c ff 9c ff 9d ff bd ff bd ff bd ff bd ff 9d ff 9d ff 9e ff 9d ff 9d ff bd ff de ff 3c ff 57 fe
752,38.837243,OUT,9,0x0,0,
753,38.837495,OUT,9,0x0,6,2f d1 b4 bd 27 c5
754,38.837545,OUT,9,0x0,0,
755,38.837607,OUT,9,0x0,2938,fb de d1 6b 55 74 79 9d b8 b5 9a de b6 b5 58 ce 5c f7 58 ce 1c e7 ff ff ff ff 9a d6 3c e7 ff ff
756,38.855049,OUT,9,0x0,0,
757,39.841473,OUT,9,0x0,6,2f 0f 83 25 09 c5
758,39.841836,OUT,9,0x0,0,
759,39.841931,OUT,9,0x0,504,11 7c 32 7c 56 ad 7a ce b7 bd d7 bd bb d6 bb de f7 c5 f8 bd 59 c6 35 a5 d4 9c 96 b5 51 8c 7a ce
760,39.844811,OUT,9,0x0,0,
761,39.844887,OUT,9,0x0,6,32 8f 83 5d 09 c5
762,39.845101,OUT,9,0x0,0,
763,39.845160,OUT,9,0x0,504,d7 bd d7 bd 39 ce db de db de db de db de db de db de db de 99 d6 d6 bd d6 bd d7 bd b6 b5 9a d6
764,39.848073,OUT,9,0x0,0,
765,39.848181,OUT,9,0x0,6,43 8f 84 6d 09 c5
766,39.848364,OUT,9,0x0,0,
767,39.848424,OUT,9,0x0,504,b5 64 b5 5c d5 64 f6 74 16 7d 16 7d 57 85 9b c6 9b c6 9b c6 97 8d 36 7d 16 75 f6 74 95 5c d5 64
768,39.851286,OUT,9,0x0,0,
769,39.851519,OUT,9,0x0,6,12 c3 d1 80 58 c5
770,39.851620,OUT,9,0x0,0,
771,39.851719,OUT,9,0x0,1232,ff ff ff ff ff ff fb d6 76 9d d4 84 d4 84 d4 84 d4 84 d4 84 d4 84 d4 84 d4 84 d4 84 d4 84 d4 84
772,39.859161,OUT,9,0x0,0,
773,39.859465,OUT,9,0x0,6,43 81 f4 6c 30 c5
774,39.859522,OUT,9,0x0,0,
775,39.859621,OUT,9,0x0,504,d5 74 7a c6 7a c6 7a c6 7a c6 7a c6 7a c6 7a c6 7a c6 7a c6 7a c6 7a c6 b8 a5 b5 74 f5 7c ff ff
776,39.862370,OUT,9,0x0,0,
777,39.862472,OUT,9,0x0,6,0f ca 31 30 b4 c5
778,39.862653,OUT,9,0x0,0,
779,39.862721,OUT,9,0x0,504,32 6c ab 4a 6f 5b 19 b6 9b c6 7b c6 7a c6 7a c6 9b ce 35 95 15 95 b7 a5 b7 a5 6f 63 16 7d d5 7c
780,39.865566,OUT,9,0x0,0,
781,39.865697,OUT,9,0x0,6,2f 91 b4 bd 27 c5
782,39.865874,OUT,9,0x0,0,
783,39.865937,OUT,9,0x0,2964,5d ef fb de d1 6b 55 74 79 9d b8 b5 9a de b6 b5 58 ce 5c f7 58 ce 1c e7 ff ff ff ff 9a d6 3c e7
784,39.883663,OUT,9,0x0,0,
785,40.841547,OUT,9,0x0,6,2f 0f 83 25 09 c5
786,40.841910,OUT,9,0x0,0,
787,40.842007,OUT,9,0x0,504,11 7c 32 7c 52 8c 18 c6 b7 bd d7 bd bb d6 bb de f7 c5 8f 73 f4 9c b3 94 d4 9c 96 b5 51 8c 52 8c
788,40.844887,OUT,9,0x0,0,
789,40.844961,OUT,9,0x0,6,32 8f 83 5d 09 c5
790,40.845175,OUT,9,0x0,0,
791,40.845249,OUT,9,0x0,504,d7 bd 59 ce db de db de db de db de db de db de db de db de db de db de d6 bd d7 bd b6 b5 db de
792,40.848152,OUT,9,0x0,0,
793,40.848264,OUT,9,0x0,6,43 8f 84 6d 09 c5
794,40.848449,OUT,9,0x0,0,
795,40.848514,OUT,9,0x0,504,b5 64 b5 5c b8 95 7b be 7b c6 7b c6 7b c6 9b c6 9b c6 9b c6 7a be 77 85 16 75 f6 74 95 5c 9b c6
796,40.851300,OUT,9,0x0,0,
797,40.851462,OUT,9,0x0,6,43 81 f4 6c 30 c5
798,40.851610,OUT,9,0x0,0,
799,40.851638,OUT,9,0x0,504,d5 74 f5 84 d8 ad 7a c6 7a c6 7a c6 7a c6 7a c6 7a c6 7a c6 19 b6 f5 7c d5 7c b5 74 f5 7c 9b ce
800,40.854486,OUT,9,0x0,0,
801,40.854598,OUT,9,0x0,6,3c 44 64 c4 52 c5
802,40.854771,OUT,9,0x0,0,
803,40.854801,OUT,9,0x0,1690,7c ff 9c ff 9d ff bd ff bd ff bd ff bd ff 9d ff 9d ff 9e ff 9d ff 9d ff bd ff de ff 3c ff 57 fe
804,40.864911,OUT,9,0x0,0,
805,40.865160,OUT,9,0x0,6,26 91 b3 11 27 c5
806,40.865214,OUT,9,0x0,0,
807,40.865244,OUT,9,0x0,1118,58 9e 58 9e 58 9e 58 9e 58 9e 58 9e 58 9e 58 9e 58 9e 58 9e 58 9e 58 9e 58 9e 58 9e 58 9e 58 9e
808,40.871796,OUT,9,0x0,0,
809,41.863711,OUT,9,0x0,6,40 0f 84 35 09 c5
810,41.864076,OUT,9,0x0,0,
811,41.864134,OUT,9,0x0,504,b5 84 d5 8c f5 94 19 be 7a ce 7a ce 7a ce 7a ce 7a ce 15 9d 15 95 f5 8c d5 7c b5 74 d5 84 d5 8c
812,41.866966,OUT,9,0x0,0,
813,41.867036,OUT,9,0x0,6,43 8f 84 6d 09 c5
814,41.867258,OUT,9,0x0,0,
815,41.867324,OUT,9,0x0,504,b5 64 5a b6 7a be 7b be 7b c6 7b c6 7b c6 9b c6 9b c6 9b c6 9b c6 9b c6 d8 9d f6 74 95 5c ff ff
816,41.870206,OUT,9,0x0,0,
817,41.870289,OUT,9,0x0,6,0f ca 31 30 b4 c5
818,41.870503,OUT,9,0x0,0,
819,41.870580,OUT,9,0x0,504,32 6c ab 4a 93 84 7a c6 9b c6 7b c6 7a c6 7a c6 9b ce 9a ce 39 be b7 a5 b7 a5 6f 63 16 7d 19 b6
820,41.873379,OUT,9,0x0,0,
821,41.873473,OUT,9,0x0,6,2c d1 b4 bd 27 c5
822,41.873659,OUT,9,0x0,0,
823,41.873733,OUT,9,0x0,3250,9d ff 9d ff 9d ff be ff bd ff 7c ff 5c ff fa fe 94 e5 b6 cd 7e ef 5d ef fb de d1 6b 55 74 79 9d
824,41.893014,OUT,9,0x0,0,
825,42.803995,OUT,9,0x0,6,32 8f 83 5d 09 c5
826,42.804368,OUT,9,0x0,0,
827,42.804434,OUT,9,0x0,504,d7 bd d7 bd d7 bd 9a d6 db de db de db de db de db de b6 b5 b6 bd d6 bd d6 bd d7 bd b6 b5 d7 bd
828,42.807294,OUT,9,0x0,0,
829,42.807403,OUT,9,0x0,6,40 0f 84 35 09 c5
830,42.807586,OUT,9,0x0,0,
831,42.807735,OUT,9,0x0,504,b5 84 d5 8c 97 ad 7a ce 7a ce 7a ce 7a ce 7a ce 7a ce 7a ce 39 be f5 8c d5 7c b5 74 d5 84 19 be
832,42.810632,OUT,9,0x0,0,
833,42.810671,OUT,9,0x0,6,43 8f 84 6d 09 c5
834,42.810924,OUT,9,0x0,0,
835,42.811000,OUT,9,0x0,504,b5 64 98 95 7a be 7b be 7b c6 7b c6 7b c6 9b c6 9b c6 9b c6 9b c6 9b c6 16 75 f6 74 95 5c 7a be
836,42.813891,OUT,9,0x0,0,
837,42.814082,OUT,9,0x0,6,0f ca 31 30 b4 c5
838,42.814188,OUT,9,0x0,0,
839,42.814256,OUT,9,0x0,504,32 6c 72 8c f8 b5 7a c6 9b c6 7b c6 7a c6 7a c6 9b ce 9a ce 7a ce db d6 b7 a5 6f 63 16 7d 7a c6
840,42.817073,OUT,9,0x0,0,
841,42.817192,OUT,9,0x0,6,2f d1 b4 bd 27 c5
842,42.817372,OUT,9,0x0,0,
843,42.817432,OUT,9,0x0,2938,fb de d1 6b 55 74 79 9d b8 b5 9a de b6 b5 58 ce 5c f7 58 ce 1c e7 ff ff ff ff 9a d6 3c e7 ff ff
844,42.834826,OUT,9,0x0,0,
845,43.861588,OUT,9,0x0,6,2f 0f 83 25 09 c5
846,43.861949,OUT,9,0x0,0,
847,43.862034,OUT,9,0x0,504,11 7c 32 7c 56 ad 7a ce b7 bd d7 bd bb d6 bb de f7 c5 f8 bd 59 c6 35 a5 d4 9c 96 b5 51 8c 7a ce
848,43.864894,OUT,9,0x0,0,
849,43.864944,OUT,9,0x0,6,32 8f 83 5d 09 c5
850,43.865198,OUT,9,0x0,0,
851,43.865227,OUT,9,0x0,504,d7 bd d7 bd 18 c6 db de db de db de db de db de db de db de 99 d6 f7 c5 d6 bd d7 bd b6 b5 7a d6
852,43.868075,OUT,9,0x0,0,
853,43.868155,OUT,9,0x0,6,40 0f 84 35 09 c5
854,43.868372,OUT,9,0x0,0,
855,43.868403,OUT,9,0x0,504,b5 84 d5 8c f5 94 19 be 7a ce 7a ce 7a ce 7a ce 7a ce 15 9d 15 95 f5 8c d5 7c b5 74 d5 84 d5 8c
856,43.871291,OUT,9,0x0,0,
857,43.871343,OUT,9,0x0,6,43 8f 84 6d 09 c5
858,43.871598,OUT,9,0x0,0,
859,43.871629,OUT,9,0x0,504,b5 64 b5 5c b8 95 7b be 7b c6 7b c6 7b c6 9b c6 9b c6 9b c6 7a be 77 85 16 75 f6 74 95 5c 9b c6
860,43.874494,OUT,9,0x0,0,
861,43.876200,OUT,9,0x0,6,0c 4a 30 f8 b4 c5
862,43.876248,OUT,9,0x0,0,
863,43.876301,OUT,9,0x0,504,51 2b 92 3b f6 84 f9 b5 f9 b5 d9 b5 f9 b5 f9 b5 f9 b5 19 b6 f8 ad d6 7c 74 64 d5 74 b2 3b 1a be
864,43.879220,OUT,9,0x0,0,
865,43.880772,OUT,9,0x0,6,0f ca 31 30 b4 c5
866,43.880820,OUT,9,0x0,0,
867,43.880866,OUT,9,0x0,504,32 6c ab 4a d4 94 7a c6 9b c6 7b c6 7a c6 7a c6 9b ce 9a ce 59 c6 d8 ad b7 a5 6f 63 16 7d 9b ce
868,43.883722,OUT,9,0x0,0,
869,43.883800,OUT,9,0x0,6,3c 04 64 c4 52 c5
870,43.884016,OUT,9,0x0,0,
871,43.884049,OUT,9,0x0,1716,7c ff 7c ff 9c ff 9d ff bd ff bd ff bd ff bd ff 9d ff 9d ff 9e ff 9d ff 9d ff bd ff de ff 3c ff
872,43.894198,OUT,9,0x0,0,
873,43.894431,OUT,9,0x0,6,2d 91 b4 bd 27 c5
874,43.894481,OUT,9,0x0,0,
875,43.894530,OUT,9,0x0,3172,be ff bd ff 7c ff 5c ff fa fe 94 e5 b6 cd 7e ef 5d ef fb de d1 6b 55 74 79 9d b8 b5 9a de b6 b5
876,43.913371,OUT,9,0x0,0,
877,44.864397,OUT,9,0x0,6,2f 0f 83 25 09 c5
878,44.864783,OUT,9,0x0,0,
879,44.864870,OUT,9,0x0,504,11 7c 32 7c 52 8c 18 c6 b7 bd d7 bd bb d6 bb de f7 c5 8f 73 f4 9c b3 94 d4 9c 96 b5 51 8c 52 8c
880,44.867718,OUT,9,0x0,0,
881,44.867812,OUT,9,0x0,6,32 8f 83 5d 09 c5
882,44.868027,OUT,9,0x0,0,
883,44.868094,OUT,9,0x0,504,d7 bd db de db de db de db de db de db de db de db de db de db de db de 58 ce d7 bd b6 b5 ff ff
884,44.870968,OUT,9,0x0,0,
885,44.871052,OUT,9,0x0,6,40 0f 84 35 09 c5
886,44.871263,OUT,9,0x0,0,
887,44.871348,OUT,9,0x0,504,b5 84 d5 8c 97 ad 7a ce 7a ce 7a ce 7a ce 7a ce 7a ce 7a ce 39 be f5 8c d5 7c b5 74 d5 84 19 be
888,44.874213,OUT,9,0x0,0,
889,44.874383,OUT,9,0x0,6,43 8f 84 6d 09 c5
890,44.874528,OUT,9,0x0,0,
891,44.874611,OUT,9,0x0,504,b5 64 b5 5c d5 64 19 ae 7b c6 7b c6 7b c6 9b c6 9b c6 36 85 36 7d 36 7d 16 75 f6 74 95 5c d5 64
892,44.877374,OUT,9,0x0,0,
893,44.877466,OUT,9,0x0,6,0f ca 31 30 b4 c5
894,44.877685,OUT,9,0x0,0,
895,44.877745,OUT,9,0x0,504,32 6c b6 b5 f8 b5 7a c6 9b c6 7b c6 7a c6 7a c6 9b ce 9a ce 7a ce db d6 39 be 6f 63 16 7d ff ff
896,44.880632,OUT,9,0x0,0,
897,44.880800,OUT,9,0x0,6,27 04 63 c0 52 c5
898,44.880908,OUT,9,0x0,0,
899,44.880974,OUT,9,0x0,2210,58 9e 58 9e 58 9e 58 9e 58 9e 58 9e 58 9e 58 9e 58 9e 58 9e 58 9e 58 9e 58 9e 58 9e 58 9e 58 9e
900,44.893804,OUT,9,0x0,0,
901,44.894085,OUT,9,0x0,6,2e 51 b4 bd 27 c5
902,44.894135,OUT,9,0x0,0,
903,44.894237,OUT,9,0x0,3094,5c ff fa fe 94 e5 b6 cd 7e ef 5d ef fb de d1 6b 55 74 79 9d b8 b5 9a de b6 b5 58 ce 5c f7 58 ce
904,44.912905,OUT,9,0x0,0,
905,45.859418,OUT,9,0x0,6,40 0f 84 35 09 c5
906,45.859795,OUT,9,0x0,0,
907,45.859858,OUT,9,0x0,504,b5 84 d5 8c f5 94 19 be 7a ce 7a ce 7a ce 7a ce 7a ce 15 9d 15 95 f5 8c d5 7c b5 74 d5 84 d5 8c
908,45.862719,OUT,9,0x0,0,
909,45.862779,OUT,9,0x0,6,43 8f 84 6d 09 c5
910,45.862996,OUT,9,0x0,0,
911,45.863059,OUT,9,0x0,504,b5 64 5a b6 7a be 7b be 7b c6 7b c6 7b c6 9b c6 9b c6 9b c6 9b c6 9b c6 d8 9d f6 74 95 5c ff ff
912,45.865890,OUT,9,0x0,0,
913,45.865991,OUT,9,0x0,6,12 c3 d1 80 58 c5
914,45.866170,OUT,9,0x0,0,
915,45.866240,OUT,9,0x0,1232,ff ff ff ff ff ff ff ff ff ff ff ff ff ff ff ff ff ff ff ff fb d6 d4 84 d4 84 d4 84 d4 84 d4 84
916,45.873795,OUT,9,0x0,0,
917,45.874028,OUT,9,0x0,6,43 81 f4 6c 30 c5
918,45.874077,OUT,9,0x0,0,
919,45.874133,OUT,9,0x0,504,d5 74 7a c6 7a c6 7a c6 7a c6 7a c6 7a c6 7a c6 7a c6 7a c6 7a c6 7a c6 b8 a5 b5 74 f5 7c ff ff
920,45.876969,OUT,9,0x0,0,
921,45.877020,OUT,9,0x0,6,0c 4a 30 f8 b4 c5
922,45.877274,OUT,9,0x0,0,
923,45.877302,OUT,9,0x0,504,51 2b 92 3b 92 3b 77 9d f9 b5 d9 b5 f9 b5 f9 b5 f9 b5 d3 4b 13 54 54 64 74 64 d5 74 b2 3b 52 2b
924,45.880209,OUT,9,0x0,0,
925,45.880274,OUT,9,0x0,6,0f ca 31 30 b4 c5
926,45.880490,OUT,9,0x0,0,
927,45.880540,OUT,9,0x0,504,32 6c ab 4a 6f 5b d5 7c 36 85 16 7d 16 85 7a c6 9b ce 9a ce 76 a5 b7 a5 b7 a5 6f 63 16 7d d5 7c
928,45.883297,OUT,9,0x0,0,
929,45.883494,OUT,9,0x0,6,27 04 63 c4 52 c5
930,45.883599,OUT,9,0x0,0,
931,45.883642,OUT,9,0x0,2236,58 9e 58 9e 58 9e 58 9e 58 9e 58 9e 58 9e 58 9e 58 9e 58 9e 58 9e 58 9e 58 9e 58 9e 58 9e 58 9e
932,45.896498,OUT,9,0x0,0,
933,45.896720,OUT,9,0x0,6,2c d1 b4 bd 27 c5
934,45.896841,OUT,9,0x0,0,
935,45.896890,OUT,9,0x0,3250,9d ff 9d ff 9d ff be ff bd ff 7c ff 5c ff fa fe 94 e5 b6 cd 7e ef 5d ef fb de d1 6b 55 74 79 9d
936,45.916191,OUT,9,0x0,0,
937,46.886953,OUT,9,0x0,6,32 8f 83 5d 09 c5
938,46.887326,OUT,9,0x0,0,
939,46.887526,OUT,9,0x0,504,d7 bd d7 bd 39 ce db de db de db de db de db de db de db de 99 d6 d6 bd d6 bd d7 bd b6 b5 9a d6
940,46.890302,OUT,9,0x0,0,
941,46.890369,OUT,9,0x0,6,40 0f 84 35 09 c5
942,46.890587,OUT,9,0x0,0,
943,46.890618,OUT,9,0x0,504,b5 84 d5 8c 97 ad 7a ce 7a ce 7a ce 7a ce 7a ce 7a ce 7a ce 39 be f5 8c d5 7c b5 74 d5 84 19 be
944,46.893383,OUT,9,0x0,0,
945,46.893460,OUT,9,0x0,6,43 8f 84 6d 09 c5
946,46.893677,OUT,9,0x0,0,
947,46.893766,OUT,9,0x0,504,b5 64 b5 5c 77 8d 7b be 7b c6 7b c6 7b c6 9b c6 9b c6 9b c6 39 b6 36 7d 16 75 f6 74 95 5c 19 ae
948,46.896637,OUT,9,0x0,0,
949,46.896806,OUT,9,0x0,6,12 c3 d1 80 58 c5
950,46.896951,OUT,9,0x0,0,
951,46.896995,OUT,9,0x0,1232,ff ff ff ff ff ff fb d6 76 9d d4 84 d4 84 d4 84 d4 84 d4 84 d4 84 d4 84 d4 84 d4 84 d4 84 d4 84
952,46.904601,OUT,9,0x0,0,
953,46.904810,OUT,9,0x0,6,43 81 f4 6c 30 c5
954,46.904861,OUT,9,0x0,0,
955,46.904892,OUT,9,0x0,504,d5 74 f5 84 d8 ad 7a c6 7a c6 7a c6 7a c6 7a c6 7a c6 7a c6 19 b6 f5 7c d5 7c b5 74 f5 7c 9b ce
956,46.907723,OUT,9,0x0,0,
957,46.907790,OUT,9,0x0,6,0f ca 31 30 b4 c5
958,46.908005,OUT,9,0x0,0,
959,46.908041,OUT,9,0x0,504,32 6c ab 4a d4 94 7a c6 9b c6 7b c6 7a c6 7a c6 9b ce 9a ce 59 c6 f8 b5 b7 a5 6f 63 16 7d 9b ce
960,46.910897,OUT,9,0x0,0,
961,46.911025,OUT,9,0x0,6,3c 44 64 c4 52 c5
962,46.911203,OUT,9,0x0,0,
963,46.911231,OUT,9,0x0,1690,7c ff 9c ff 9d ff bd ff bd ff bd ff bd ff 9d ff 9d ff 9e ff 9d ff 9d ff bd ff de ff 3c ff 57 fe
964,46.921420,OUT,9,0x0,0,
965,46.921663,OUT,9,0x0,6,2e d1 b4 bd 27 c5
966,46.921718,OUT,9,0x0,0,
967,46.921772,OUT,9,0x0,3042,94 e5 b6 cd 7e ef 5d ef fb de d1 6b 55 74 79 9d b8 b5 9a de b6 b5 58 ce 5c f7 58 ce 1c e7 ff ff
968,46.940080,OUT,9,0x0,0,
969,47.890909,OUT,9,0x0,6,2f 0f 83 25 09 c5
970,47.891273,OUT,9,0x0,0,
971,47.891368,OUT,9,0x0,504,11 7c 32 7c 56 ad 7a ce b7 bd d7 bd bb d6 bb de f7 c5 f8 bd 59 c6 35 a5 d4 9c 96 b5 51 8c 7a ce
972,47.894223,OUT,9,0x0,0,
973,47.894287,OUT,9,0x0,6,32 8f 83 5d 09 c5
974,47.894508,OUT,9,0x0,0,
975,47.894583,OUT,9,0x0,504,d7 bd d7 bd 18 c6 db de db de db de db de db de db de db de 99 d6 f7 c5 d6 bd d7 bd b6 b5 7a d6
976,47.897389,OUT,9,0x0,0,
977,47.897447,OUT,9,0x0,6,43 8f 84 6d 09 c5
978,47.897666,OUT,9,0x0,0,
979,47.897695,OUT,9,0x0,504,b5 64 b5 5c 36 7d 7b be 7b c6 7b c6 7b c6 9b c6 9b c6 9b c6 39 b6 77 85 16 75 f6 74 95 5c d8 9d
980,47.900497,OUT,9,0x0,0,
981,47.900560,OUT,9,0x0,6,0c 4a 30 f8 b4 c5
982,47.900778,OUT,9,0x0,0,
983,47.900809,OUT,9,0x0,504,51 2b 92 3b f6 84 f9 b5 f9 b5 d9 b5 f9 b5 f9 b5 f9 b5 19 b6 f8 ad d6 7c 74 64 d5 74 b2 3b 1a be
984,47.903625,OUT,9,0x0,0,
985,47.903796,OUT,9,0x0,6,0f ca 31 30 b4 c5
986,47.903905,OUT,9,0x0,0,
987,47.903933,OUT,9,0x0,504,32 6c b6 b5 f8 b5 7a c6 9b c6 7b c6 7a c6 7a c6 9b ce 9a ce 7a ce db d6 39 be 6f 63 16 7d ff ff
988,47.906814,OUT,9,0x0,0,
989,47.906898,OUT,9,0x0,6,2f 11 b4 bd 27 c5
990,47.907108,OUT,9,0x0,0,
991,47.907135,OUT,9,0x0,3016,b6 cd 7e ef 5d ef fb de d1 6b 55 74 79 9d b8 b5 9a de b6 b5 58 ce 5c f7 58 ce 1c e7 ff ff ff ff
992,47.925240,OUT,9,0x0,0,
993,48.909155,OUT,9,0x0,6,2f 0f 83 25 09 c5
994,48.909526,OUT,9,0x0,0,
995,48.909582,OUT,9,0x0,504,11 7c 32 7c 52 8c 18 c6 b7 bd d7 bd bb d6 bb de f7 c5 8f 73 f4 9c b3 94 d4 9c 96 b5 51 8c 52 8c
996,48.912379,OUT,9,0x0,0,
997,48.912462,OUT,9,0x0,6,32 8f 83 5d 09 c5
998,48.912674,OUT,9,0x0,0,
999,48.912702,OUT,9,0x0,504,d7 bd d7 bd 59 ce db de db de db de db de db de db de db de 99 d6 d6 bd d6 bd d7 bd b6 b5 fb de
1000,48.915649,OUT,9,0x0,0,
1001,48.915732,OUT,9,0x0,6,43 8f 84 6d 09 c5
1002,48.915956,OUT,9,0x0,0,
1003,48.915987,OUT,9,0x0,504,b5 64 5a b6 7a be 7b be 7b c6 7b c6 7b c6 9b c6 9b c6 9b c6 9b c6 9b c6 d8 9d f6 74 95 5c ff ff
1004,48.918892,OUT,9,0x0,0,
1005,48.918956,OUT,9,0x0,6,43 81 f4 6c 30 c5
1006,48.919174,OUT,9,0x0,0,
1007,48.919204,OUT,9,0x0,504,d5 74 7a c6 7a c6 7a c6 7a c6 7a c6 7a c6 7a c6 7a c6 7a c6 7a c6 7a c6 b8 a5 b5 74 f5 7c ff ff
1008,48.922074,OUT,9,0x0,0,
1009,48.922208,OUT,9,0x0,6,0c 4a 30 f8 b4 c5
1010,48.922359,OUT,9,0x0,0,
1011,48.922405,OUT,9,0x0,504,51 2b 92 3b 92 3b 77 9d f9 b5 d9 b5 f9 b5 f9 b5 f9 b5 d3 4b 13 54 54 64 74 64 d5 74 b2 3b 52 2b
1012,48.925297,OUT,9,0x0,0,
1013,48.925344,OUT,9,0x0,6,0f ca 31 30 b4 c5
1014,48.925602,OUT,9,0x0,0,
1015,48.925632,OUT,9,0x0,504,32 6c ab 4a d4 94 7a c6 9b c6 7b c6 7a c6 7a c6 9b ce 9a ce 59 c6 f8 b5 b7 a5 6f 63 16 7d 9b ce
1016,48.928393,OUT,9,0x0,0,
1017,48.928587,OUT,9,0x0,6,27 04 63 c4 52 c5
1018,48.928691,OUT,9,0x0,0,
1019,48.928727,OUT,9,0x0,2236,58 9e 58 9e 58 9e 58 9e 58 9e 58 9e 58 9e 58 9e 58 9e 58 9e 58 9e 58 9e 58 9e 58 9e 58 9e 58 9e
1020,48.941725,OUT,9,0x0,0,
1021,48.941955,OUT,9,0x0,6,26 91 b3 05 27 c5
1022,48.942067,OUT,9,0x0,0,
1023,48.942105,OUT,9,0x0,1040,58 9e 58 9e 58 9e 58 9e 58 9e 58 9e 58 9e 58 9e 58 9e 58 9e 58 9e 58 9e 58 9e 58 9e 58 9e 58 9e
1024,48.948233,OUT,9,0x0,0,
1025,49.930811,OUT,9,0x0,6,43 8f 84 6d 09 c5
1026,49.931172,OUT,9,0x0,0,
1027,49.931273,OUT,9,0x0,504,b5 64 98 95 7a be 7b be 7b c6 7b c6 7b c6 9b c6 9b c6 9b c6 9b c6 9b c6 16 75 f6 74 95 5c 7a be
1028,49.934083,OUT,9,0x0,0,
1029,49.934139,OUT,9,0x0,6,43 81 f4 6c 30 c5
1030,49.934392,OUT,9,0x0,0,
1031,49.934422,OUT,9,0x0,504,d5 74 f5 84 d8 ad 7a c6 7a c6 7a c6 7a c6 7a c6 7a c6 7a c6 19 b6 f5 7c d5 7c b5 74 f5 7c 9b ce
1032,49.937305,OUT,9,0x0,0,
1033,49.937381,OUT,9,0x0,6,0f ca 31 30 b4 c5
1034,49.937597,OUT,9,0x0,0,
1035,49.937628,OUT,9,0x0,504,32 6c ab 4a 6f 5b 19 b6 9b c6 7b c6 7a c6 7a c6 9b ce 35 95 15 95 b7 a5 b7 a5 6f 63 16 7d d5 7c
1036,49.940381,OUT,9,0x0,0,
1037,49.940486,OUT,9,0x0,6,3c 44 64 c4 52 c5
1038,49.940665,OUT,9,0x0,0,
1039,49.940697,OUT,9,0x0,1690,7c ff 9c ff 9d ff bd ff bd ff bd ff bd ff 9d ff 9d ff 9e ff 9d ff 9d ff bd ff de ff 3c ff 57 fe
1040,49.950803,OUT,9,0x0,0,
1041,49.951022,OUT,9,0x0,6,2f d1 b4 bd 27 c5
1042,49.951073,OUT,9,0x0,0,
1043,49.951157,OUT,9,0x0,2938,fb de d1 6b 55 74 79 9d b8 b5 9a de b6 b5 58 ce 5c f7 58 ce 1c e7 ff ff ff ff 9a d6 3c e7 ff ff
1044,49.968637,OUT,9,0x0,0,
1045,50.931910,OUT,9,0x0,6,32 8f 83 5d 09 c5
1046,50.932268,OUT,9,0x0,0,
1047,50.932326,OUT,9,0x0,504,d7 bd d7 bd 39 ce db de db de db de db de db de db de db de 99 d6 d6 bd d6 bd d7 bd b6 b5 9a d6
1048,50.935220,OUT,9,0x0,0,
1049,50.935307,OUT,9,0x0,6,12 c3 d1 80 58 c5
1050,50.935529,OUT,9,0x0,0,
1051,50.935583,OUT,9,0x0,1232,ff ff ff ff ff ff ff ff ff ff ff ff ff ff ff ff ff ff ff ff fb d6 d4 84 d4 84 d4 84 d4 84 d4 84
1052,50.943280,OUT,9,0x0,0,
1053,50.945162,OUT,9,0x0,6,08 ca 30 c0 b4 c5
1054,50.945215,OUT,9,0x0,0,
1055,50.945283,OUT,9,0x0,504,d5 74 b4 74 94 6c d8 ad 3a be 39 b6 39 be 39 be 19 b6 d2 4b 92 43 92 3b 72 3b 31 2b d5 74 b4 74
1056,50.948215,OUT,9,0x0,0,
1057,50.949828,OUT,9,0x0,6,0c 4a 30 f8 b4 c5
1058,50.949875,OUT,9,0x0,0,
1059,50.949920,OUT,9,0x0,504,51 2b 92 3b f6 84 f9 b5 f9 b5 d9 b5 f9 b5 f9 b5 f9 b5 19 b6 f8 ad 95 74 74 64 d5 74 b2 3b 1a be
1060,50.952821,OUT,9,0x0,0,
1061,50.952913,OUT,9,0x0,6,0f ca 31 30 b4 c5
1062,50.953135,OUT,9,0x0,0,
1063,50.953199,OUT,9,0x0,504,32 6c b6 b5 f8 b5 7a c6 9b c6 7b c6 7a c6 7a c6 9b ce 9a ce 7a ce db d6 39 be 6f 63 16 7d ff ff
1064,50.956076,OUT,9,0x0,0,
1065,50.956275,OUT,9,0x0,6,2f d1 b4 bd 27 c5
1066,50.956379,OUT,9,0x0,0,
1067,50.956422,OUT,9,0x0,2938,fb de d1 6b 55 74 79 9d b8 b5 9a de b6 b5 58 ce 5c f7 58 ce 1c e7 ff ff ff ff 9a d6 3c e7 ff ff
1068,50.973826,OUT,9,0x0,0,
1069,51.943358,OUT,9,0x0,6,2f 0f 83 25 09 c5
1070,51.943728,OUT,9,0x0,0,
1071,51.943794,OUT,9,0x0,504,11 7c 32 7c 56 ad 7a ce b7 bd d7 bd bb d6 bb de f7 c5 f8 bd 59 c6 35 a5 d4 9c 96 b5 51 8c 7a ce
1072,51.946627,OUT,9,0x0,0,
1073,51.946677,OUT,9,0x0,6,32 8f 83 5d 09 c5
1074,51.946934,OUT,9,0x0,0,
1075,51.947009,OUT,9,0x0,504,d7 bd d7 bd 18 c6 db de db de db de db de db de db de db de 99 d6 f7 c5 d6 bd d7 bd b6 b5 7a d6
1076,51.949900,OUT,9,0x0,0,
1077,51.950010,OUT,9,0x0,6,43 8f 84 6d 09 c5
1078,51.950191,OUT,9,0x0,0,
1079,51.950272,OUT,9,0x0,504,b5 64 b5 5c d5 64 f6 74 16 7d 16 7d 57 85 9b c6 9b c6 9b c6 97 8d 36 7d 16 75 f6 74 95 5c d5 64
1080,51.953077,OUT,9,0x0,0,
1081,51.953157,OUT,9,0x0,6,12 c3 d1 80 58 c5
1082,51.953375,OUT,9,0x0,0,
1083,51.953455,OUT,9,0x0,1232,ff ff ff ff ff ff fb d6 76 9d d4 84 d4 84 d4 84 d4 84 d4 84 d4 84 d4 84 d4 84 d4 84 d4 84 d4 84
1084,51.960901,OUT,9,0x0,0,
1085,51.961112,OUT,9,0x0,6,0f ca 31 30 b4 c5
1086,51.961161,OUT,9,0x0,0,
1087,51.961197,OUT,9,0x0,504,32 6c ab 4a d4 94 7a c6 9b c6 7b c6 7a c6 7a c6 9b ce 9a ce 59 c6 f8 b5 b7 a5 6f 63 16 7d 9b ce
1088,51.964058,OUT,9,0x0,0,
1089,51.964148,OUT,9,0x0,6,2f 91 b4 bd 27 c5
1090,51.964369,OUT,9,0x0,0,
1091,51.964458,OUT,9,0x0,2964,5d ef fb de d1 6b 55 74 79 9d b8 b5 9a de b6 b5 58 ce 5c f7 58 ce 1c e7 ff ff ff ff 9a d6 3c e7
1092,51.982040,OUT,9,0x0,0,
1093,52.984943,OUT,9,0x0,6,2f 0f 83 25 09 c5
1094,52.985302,OUT,9,0x0,0,
1095,52.985369,OUT,9,0x0,504,11 7c 32 7c 52 8c 18 c6 b7 bd d7 bd bb d6 bb de f7 c5 8f 73 f4 9c b3 94 d4 9c 96 b5 51 8c 52 8c
1096,52.988217,OUT,9,0x0,0,
1097,52.988309,OUT,9,0x0,6,32 8f 83 5d 09 c5
1098,52.988531,OUT,9,0x0,0,
1099,52.988574,OUT,9,0x0,504,d7 bd d7 bd 59 ce db de db de db de db de db de db de db de 99 d6 d6 bd d6 bd d7 bd b6 b5 fb de
1100,52.991395,OUT,9,0x0,0,
1101,52.991495,OUT,9,0x0,6,43 8f 84 6d 09 c5
1102,52.991674,OUT,9,0x0,0,
1103,52.991738,OUT,9,0x0,504,b5 64 5a b6 7a be 7b be 7b c6 7b c6 7b c6 9b c6 9b c6 9b c6 9b c6 9b c6 d8 9d f6 74 95 5c ff ff
1104,52.994490,OUT,9,0x0,0,
1105,52.994549,OUT,9,0x0,6,0f ca 31 30 b4 c5
1106,52.994783,OUT,9,0x0,0,
1107,52.994813,OUT,9,0x0,504,32 6c ab 4a 6f 5b 19 b6 9b c6 7b c6 7a c6 7a c6 9b ce 35 95 15 95 b7 a5 b7 a5 6f 63 16 7d d5 7c
1108,52.997724,OUT,9,0x0,0,
1109,52.997910,OUT,9,0x0,6,26 91 b3 05 27 c5
1110,52.998016,OUT,9,0x0,0,
1111,52.998049,OUT,9,0x0,1040,58 9e 58 9e 58 9e 58 9e 58 9e 58 9e 58 9e 58 9e 58 9e 58 9e 58 9e 58 9e 58 9e 58 9e 58 9e 58 9e
1112,53.004154,OUT,9,0x0,0,
